en,lang,market,text,status,page,element,source,note
PREPEDU,zh-Hant,TW,PREPEDU,approved,Home Page - prepedu.com/ielts/lab,Header/Nav / Logo,TW_Localization feedback.csv#3,
View Demo,zh-Hant,TW,產品示範,approved,Home Page - prepedu.com/ielts/lab,Header/Nav / Menu item,TW_Localization feedback.csv#4,
How it works,zh-Hant,TW,使用流程,approved,Home Page - prepedu.com/ielts/lab,Header/Nav / Menu item,TW_Localization feedback.csv#5,
Exam Library,zh-Hant,TW,題庫資源,approved,Home Page - prepedu.com/ielts/lab,Header/Nav / Menu item,TW_Localization feedback.csv#6,
Pricing,zh-Hant,TW,方案價格,approved,Home Page - prepedu.com/ielts/lab,Header/Nav / Menu item,TW_Localization feedback.csv#7,
Start practicing,zh-Hant,TW,立即練習,approved,Home Page - prepedu.com/ielts/lab,Header/Nav / Button (top right),TW_Localization feedback.csv#8,
IELTS SCORE,zh-Hant,TW,雅思成績,approved,Home Page - prepedu.com/ielts/lab,Hero - Score widget / Label,TW_Localization feedback.csv#9,
7.5,zh-Hant,TW,7.5,approved,Home Page - prepedu.com/ielts/lab,Hero - Score widget / Score number,TW_Localization feedback.csv#10,
Overall,zh-Hant,TW,總分,approved,Home Page - prepedu.com/ielts/lab,Hero - Score widget / Label,TW_Localization feedback.csv#11,
Listening,zh-Hant,TW,聽力,approved,Home Page - prepedu.com/ielts/lab,Hero - Score widget / Sub-score label,TW_Localization feedback.csv#12,
7.5,zh-Hant,TW,7.5,approved,Home Page - prepedu.com/ielts/lab,Hero - Score widget / Sub-score value,TW_Localization feedback.csv#13,
Reading,zh-Hant,TW,閱讀,approved,Home Page - prepedu.com/ielts/lab,Hero - Score widget / Sub-score label,TW_Localization feedback.csv#14,
7.0,zh-Hant,TW,7.0,approved,Home Page - prepedu.com/ielts/lab,Hero - Score widget / Sub-score value,TW_Localization feedback.csv#15,
Speaking,zh-Hant,TW,口說,approved,Home Page - prepedu.com/ielts/lab,Hero - Score widget / Sub-score label,TW_Localization feedback.csv#16,
7.0,zh-Hant,TW,7.0,approved,Home Page - prepedu.com/ielts/lab,Hero - Score widget / Sub-score value,TW_Localization feedback.csv#17,
Writing,zh-Hant,TW,寫作,approved,Home Page - prepedu.com/ielts/lab,Hero - Score widget / Sub-score label,TW_Localization feedback.csv#18,
7.5,zh-Hant,TW,7.5,approved,Home Page - prepedu.com/ielts/lab,Hero - Score widget / Sub-score value,TW_Localization feedback.csv#19,
14 fixes suggested,zh-Hant,TW,14 項修改建議,approved,Home Page - prepedu.com/ielts/lab,Hero - Score widget / Tag/pill,TW_Localization feedback.csv#20,
Find out exactly why your,zh-Hant,TW,找出你雅思分數,approved,Home Page - prepedu.com/ielts/lab,Hero / Headline (line 1),TW_Localization feedback.csv#21,
IELTS band is stuck,zh-Hant,TW,卡關的真正原因,approved,Home Page - prepedu.com/ielts/lab,"Hero / Headline (line 2, highlighted)",TW_Localization feedback.csv#22,
"Prep AI marks to examiner-standard, calibrated on 18M+ real answers, validated by a former IELTS examiner and a 9.0-band team.",zh-Hant,TW,"Prep AI 依照考官標準評分，根據 1,800 多萬份真實答案進行校準，並經前考官及 9.0 分團隊驗證。",approved,Home Page - prepedu.com/ielts/lab,Hero / Subheading,TW_Localization feedback.csv#23,"Missing the space between 據 and 1,800"
Free Speaking & Writing Test,zh-Hant,TW,免費口說與寫作測驗,approved,Home Page - prepedu.com/ielts/lab,Hero / CTA button,TW_Localization feedback.csv#24,
SEE PREP AI IN ACTION,zh-Hant,TW,看看 Prep AI 如何批改,approved,Home Page - prepedu.com/ielts/lab,Feature - Virtual Rooms / Badge/Pill,TW_Localization feedback.csv#25,
See the exact sentences costing you bands,zh-Hant,TW,精準找出讓你失分的句子,approved,Home Page - prepedu.com/ielts/lab,Feature - Virtual Rooms / Headline,TW_Localization feedback.csv#26,
"Click the underlined phrases to see the feedback, criterion by criterion.",zh-Hant,TW,點選畫底線的文字，即可依照各項評分標準檢視回饋。,approved,Home Page - prepedu.com/ielts/lab,Feature - Virtual Rooms / Subheading,TW_Localization feedback.csv#27,
Virtual Writing Room,zh-Hant,TW,線上寫作練習室,approved,Home Page - prepedu.com/ielts/lab,Feature - Virtual Rooms / Tab (active),TW_Localization feedback.csv#28,
Virtual Speaking Room,zh-Hant,TW,線上口說練習室,approved,Home Page - prepedu.com/ielts/lab,Feature - Virtual Rooms / Tab (inactive),TW_Localization feedback.csv#29,
HOW IT WORKS,zh-Hant,TW,使用流程,approved,Home Page - prepedu.com/ielts/lab,How It Works / Badge/Pill,TW_Localization feedback.csv#30,
From today's band to your target,zh-Hant,TW,從目前的成績，穩步邁向雅思目標分數,approved,Home Page - prepedu.com/ielts/lab,How It Works / Headline,TW_Localization feedback.csv#31,
"A clear path from diagnostic to exam day, powered by examiner-standard AI.",zh-Hant,TW,從程度測驗到正式應試，全程由考官級 AI 引導你的學習歷程。,approved,Home Page - prepedu.com/ielts/lab,How It Works / Subheading,TW_Localization feedback.csv#32,
Practice All 4 Skills,zh-Hant,TW,全面掌握四大技能,approved,Home Page - prepedu.com/ielts/lab,How It Works / Step 1 - Title,TW_Localization feedback.csv#33,
"Listening, Reading, Writing and Speaking. Every question type on the exam, built by IELTS experts and refreshed each quarter, so you're never practicing on outdated material.",zh-Hant,TW,聽力、閱讀、寫作、口說，各種雅思題型都能練。由雅思專家量身打造，每季持續更新，以符合最新考試趨勢，你不用擔心練到過時的題目。,approved,Home Page - prepedu.com/ielts/lab,How It Works / Step 1 - Body,TW_Localization feedback.csv#34,
Submit And See What's Costing You Bands,zh-Hant,TW,提交作答，找出的你的失分關鍵,approved,Home Page - prepedu.com/ielts/lab,How It Works / Step 2 - Title,TW_Localization feedback.csv#35,
"Every attempt marked against each band descriptor, as consistently as a human examiner. Prep AI remembers your errors across attempts, so you'll know what's really costing you bands.",zh-Hant,TW,每次作答都會依各項評分標準逐一批改，評分穩定度如同真人考官。Prep AI 還會記住你每次練習犯過的錯，讓你真正找出失分原因。,approved,Home Page - prepedu.com/ielts/lab,How It Works / Step 2 - Body,TW_Localization feedback.csv#36,
"See Your Mistakes, Fix Them, Then Try Again",zh-Hant,TW,找出錯誤、修正問題，再挑戰一次,approved,Home Page - prepedu.com/ielts/lab,How It Works / Step 3 - Title,TW_Localization feedback.csv#37,「修正錯誤」isn't supposed to highlight in green
"See your accuracy on every question type, work on the weak ones, take another exam, watch the band move.",zh-Hant,TW,查看各題型的作答正確率，專注補強弱項後，再測驗一次，看見自己的成績跟著進步。,approved,Home Page - prepedu.com/ielts/lab,How It Works / Step 3 - Body,TW_Localization feedback.csv#38,
Know your IELTS level in 12 minutes,zh-Hant,TW,花 12 分鐘了解自己的雅思程度,approved,Home Page - prepedu.com/ielts/lab,How It Works / Link/CTA (bổ sung),TW_Localization feedback.csv#39,
EXPERT-CURATED EXAM LIBRARY,zh-Hant,TW,專家精選題庫資源,approved,Home Page - prepedu.com/ielts/lab,Exam Library / Badge/Pill,TW_Localization feedback.csv#40,
Drill the question types,zh-Hant,TW,依題型分類持續練習,approved,Home Page - prepedu.com/ielts/lab,Exam Library / Headline (line 1),TW_Localization feedback.csv#41,
you keep getting wrong,zh-Hant,TW,特別是你常錯的題型,approved,Home Page - prepedu.com/ielts/lab,"Exam Library / Headline (line 2, highlighted)",TW_Localization feedback.csv#42,
100+ exam papers,zh-Hant,TW,超過 100 份雅思模擬測驗,approved,Home Page - prepedu.com/ielts/lab,Exam Library / Feature pill,TW_Localization feedback.csv#43,
Every question type,zh-Hant,TW,完整涵蓋每一種題型,approved,Home Page - prepedu.com/ielts/lab,Exam Library / Feature pill,TW_Localization feedback.csv#44,
Every answer explained,zh-Hant,TW,每題皆附答案與詳細解析,approved,Home Page - prepedu.com/ielts/lab,Exam Library / Feature pill,TW_Localization feedback.csv#45,
Try latest exam sets,zh-Hant,TW,試試最新的雅思試題,approved,Home Page - prepedu.com/ielts/lab,Exam Library / Button,TW_Localization feedback.csv#46,
Practice by question type,zh-Hant,TW,依題型練習,approved,Home Page - prepedu.com/ielts/lab,Exam Library - Practice grid / Section label,TW_Localization feedback.csv#47,
Listening,zh-Hant,TW,聽力,approved,Home Page - prepedu.com/ielts/lab,Exam Library - Practice grid / Tab,TW_Localization feedback.csv#48,
Reading,zh-Hant,TW,閱讀,approved,Home Page - prepedu.com/ielts/lab,Exam Library - Practice grid / Tab,TW_Localization feedback.csv#49,
Writing,zh-Hant,TW,寫作,approved,Home Page - prepedu.com/ielts/lab,Exam Library - Practice grid / Tab,TW_Localization feedback.csv#50,
Speaking,zh-Hant,TW,口說,approved,Home Page - prepedu.com/ielts/lab,Exam Library - Practice grid / Tab,TW_Localization feedback.csv#51,
Form Completion,zh-Hant,TW,表單填空題,approved,Home Page - prepedu.com/ielts/lab,Exam Library - Practice grid / Question type card,TW_Localization feedback.csv#52,
Sentence Completion,zh-Hant,TW,句子填空題,approved,Home Page - prepedu.com/ielts/lab,Exam Library - Practice grid / Question type card,TW_Localization feedback.csv#53,
Note Completion,zh-Hant,TW,筆記填空題,approved,Home Page - prepedu.com/ielts/lab,Exam Library - Practice grid / Question type card,TW_Localization feedback.csv#54,
Summary Completion,zh-Hant,TW,摘要填空題,approved,Home Page - prepedu.com/ielts/lab,Exam Library - Practice grid / Question type card,TW_Localization feedback.csv#55,
Table Completion,zh-Hant,TW,表格填空題,approved,Home Page - prepedu.com/ielts/lab,Exam Library - Practice grid / Question type card,TW_Localization feedback.csv#56,
Short Answer,zh-Hant,TW,簡答題,approved,Home Page - prepedu.com/ielts/lab,Exam Library - Practice grid / Question type card,TW_Localization feedback.csv#57,
Matching Features,zh-Hant,TW,配對題,approved,Home Page - prepedu.com/ielts/lab,Exam Library - Practice grid / Question type card,TW_Localization feedback.csv#58,
MCQ - Single Answer,zh-Hant,TW,單選題,approved,Home Page - prepedu.com/ielts/lab,Exam Library - Practice grid / Question type card,TW_Localization feedback.csv#59,
MCQ - Multiple Answers,zh-Hant,TW,複選題,approved,Home Page - prepedu.com/ielts/lab,Exam Library - Practice grid / Question type card,TW_Localization feedback.csv#60,
Flow-chart Completion,zh-Hant,TW,流程圖填空題,approved,Home Page - prepedu.com/ielts/lab,Exam Library - Practice grid / Question type card,TW_Localization feedback.csv#61,
Diagram Completion,zh-Hant,TW,圖表填空題,approved,Home Page - prepedu.com/ielts/lab,Exam Library - Practice grid / Question type card,TW_Localization feedback.csv#62,
Plan/Map Labelling,zh-Hant,TW,平面圖／地圖標示題,approved,Home Page - prepedu.com/ielts/lab,Exam Library - Practice grid / Question type card,TW_Localization feedback.csv#63,
Practice more tests,zh-Hant,TW,練習其他題目,approved,Home Page - prepedu.com/ielts/lab,Exam Library - Practice grid / Button,TW_Localization feedback.csv#64,
PROVEN RESULTS,zh-Hant,TW,用戶成果分享,approved,Home Page - prepedu.com/ielts/lab,Proven Results / Testimonials / Badge/Pill,TW_Localization feedback.csv#65,
"Real learners, real band jumps",zh-Hant,TW,真實的用戶，真實的進步分數,approved,Home Page - prepedu.com/ielts/lab,Proven Results / Testimonials / Headline,TW_Localization feedback.csv#66,
Learners practicing with Prepedu 4 times a week gain an average of +1.7 bands in 3 months,zh-Hant,TW,每週使用 Prep Edu 練習 4 次的用戶，3 個月內平均提升 1.7 分以上,approved,Home Page - prepedu.com/ielts/lab,Proven Results / Testimonials / Subheading,TW_Localization feedback.csv#67,
Achieved 7.5,zh-Hant,TW,達到雅思 7.5 分,approved,Home Page - prepedu.com/ielts/lab,Proven Results / Testimonials / Card 1 - Title,TW_Localization feedback.csv#68,
"""What I liked most was the Virtual Writing Room - it pointed out my weaknesses and gave clear, actionable guidance on how to improve.""",zh-Hant,TW,我最喜歡的是線上寫作練習室。它會指出我的弱點，還會告訴我該怎麼改進，給的建議都很具體、很清楚，真的很有幫助！,approved,Home Page - prepedu.com/ielts/lab,Proven Results / Testimonials / Card 1 - Quote,TW_Localization feedback.csv#69,
Boon (MBA applicant),zh-Hant,TW,Boon（MBA 申請者）,approved,Home Page - prepedu.com/ielts/lab,Proven Results / Testimonials / Card 1 - Name,TW_Localization feedback.csv#70,
Writing focus · 90 days,zh-Hant,TW,專攻寫作 · 90 天,approved,Home Page - prepedu.com/ielts/lab,Proven Results / Testimonials / Card 1 - Tag,TW_Localization feedback.csv#71,
6.0 → 8.0,zh-Hant,TW,6.0 → 8.0,approved,Home Page - prepedu.com/ielts/lab,Proven Results / Testimonials / Card 2 - Score change,TW_Localization feedback.csv#72,It shows 4.5 - 6.5 in the visual.
+2.0 Bands,zh-Hant,TW,+ 2.0 分,approved,Home Page - prepedu.com/ielts/lab,Proven Results / Testimonials / Card 2 - Badge,TW_Localization feedback.csv#73,
"""I never practiced all four skills in one day - just one or two, done well, using Prep's AI Speaking Room to improve. I went from 6.0 to 8.0 in three months.""",zh-Hant,TW,我從來不會一天把四項技能全部練完，而是一次專心練一兩項，把它練好。我會搭配 Prep 的 AI 線上口說練習室來加強，三個月內就讓我從 6 分進步到 8 分。,approved,Home Page - prepedu.com/ielts/lab,Proven Results / Testimonials / Card 2 - Quote,TW_Localization feedback.csv#74,
Thao Le,zh-Hant,TW,Thao Le,approved,Home Page - prepedu.com/ielts/lab,Proven Results / Testimonials / Card 2 - Name,TW_Localization feedback.csv#75,
All 4 skills · 3 months,zh-Hant,TW,專攻寫作 · 3 個月,approved,Home Page - prepedu.com/ielts/lab,Proven Results / Testimonials / Card 2 - Tag,TW_Localization feedback.csv#76,
Achieved 7.5,zh-Hant,TW,達到雅思 7.5 分,approved,Home Page - prepedu.com/ielts/lab,Proven Results / Testimonials / Card 3 - Title,TW_Localization feedback.csv#77,It shows 8.0 in the visual.
"""With 11 days left, Prep Edu's Forecast bank for Speaking and Writing let me target exactly what I needed - no time wasted. Still hit IELTS 7.5.""",zh-Hant,TW,只剩 11 天準備，我用 Prep Edu 的口說和寫作預測題，直接針對自己需要加強的部分練習，不浪費時間。最後如預期地拿到了雅思 7.5 分。,approved,Home Page - prepedu.com/ielts/lab,Proven Results / Testimonials / Card 3 - Quote,TW_Localization feedback.csv#78,
Champ (admitted to Mahidol Medicine),zh-Hant,TW,Champ（入取泰國瑪希敦大學醫學系）,approved,Home Page - prepedu.com/ielts/lab,Proven Results / Testimonials / Card 3 - Name,TW_Localization feedback.csv#79,
Speaking & Writing · 11-day prep,zh-Hant,TW,口說與寫作 · 11 天準備期,approved,Home Page - prepedu.com/ielts/lab,Proven Results / Testimonials / Card 3 - Tag,TW_Localization feedback.csv#80,
PRICING,zh-Hant,TW,方案價格,approved,Home Page - prepedu.com/ielts/lab,Pricing / Badge/Pill,TW_Localization feedback.csv#81,
"Pick your plan, get your band",zh-Hant,TW,選擇適合的方案，穩穩拿下雅思分數,approved,Home Page - prepedu.com/ielts/lab,Pricing / Headline,TW_Localization feedback.csv#82,
Monthly,zh-Hant,TW,月繳,approved,Home Page - prepedu.com/ielts/lab,Pricing / Billing toggle,TW_Localization feedback.csv#83,
Quarterly - Popular,zh-Hant,TW,季繳（熱門選擇）,approved,Home Page - prepedu.com/ielts/lab,Pricing / Billing toggle,TW_Localization feedback.csv#84,
Annual - Best value,zh-Hant,TW,年繳（最划算）,approved,Home Page - prepedu.com/ielts/lab,Pricing / Billing toggle,TW_Localization feedback.csv#85,
Free,zh-Hant,TW,Free,approved,Home Page - prepedu.com/ielts/lab,Pricing - Free plan / Plan name,TW_Localization feedback.csv#86,
Try the AI feedback. No card needed.,zh-Hant,TW,不需信用卡，即可免費體驗 AI 評分回饋。,approved,Home Page - prepedu.com/ielts/lab,Pricing - Free plan / Description,TW_Localization feedback.csv#87,
$0 forever,zh-Hant,TW,NT$0,approved,Home Page - prepedu.com/ielts/lab,Pricing - Free plan / Price,TW_Localization feedback.csv#88,
"Free, always",zh-Hant,TW,永久免費,approved,Home Page - prepedu.com/ielts/lab,Pricing - Free plan / Price subtext,TW_Localization feedback.csv#89,
Start free,zh-Hant,TW,免費試用,approved,Home Page - prepedu.com/ielts/lab,Pricing - Free plan / Button,TW_Localization feedback.csv#90,
Daily Reading & Listening practice,zh-Hant,TW,每日聽力與閱讀練習,approved,Home Page - prepedu.com/ielts/lab,Pricing - Free plan / Feature,TW_Localization feedback.csv#91,
1 free AI Writing + Speaking review/month,zh-Hant,TW,每月 AI 免費批改寫作與口說各 1 次,approved,Home Page - prepedu.com/ielts/lab,Pricing - Free plan / Feature,TW_Localization feedback.csv#92,
Core,zh-Hant,TW,Core,approved,Home Page - prepedu.com/ielts/lab,Pricing - Core plan / Plan name,TW_Localization feedback.csv#93,
"Serious daily practice, with monthly AI feedback.",zh-Hant,TW,每天持續練習，每月獲得 AI 評分回饋。,approved,Home Page - prepedu.com/ielts/lab,Pricing - Core plan / Description,TW_Localization feedback.csv#94,
$11.58 /mo,zh-Hant,TW,NT$366.58 / 月,approved,Home Page - prepedu.com/ielts/lab,Pricing - Core plan / Price,TW_Localization feedback.csv#95,
billed $139 / year   Save 54%,zh-Hant,TW,"年計費 NT$4,399，省下 54 %",approved,Home Page - prepedu.com/ielts/lab,Pricing - Core plan / Price subtext,TW_Localization feedback.csv#96,
Choose core,zh-Hant,TW,選擇 Core,approved,Home Page - prepedu.com/ielts/lab,Pricing - Core plan / Button,TW_Localization feedback.csv#97,
Unlimited Reading & Listening + mock tests,zh-Hant,TW,無限次練習閱讀與聽力 + 模擬測驗,approved,Home Page - prepedu.com/ielts/lab,Pricing - Core plan / Feature,TW_Localization feedback.csv#98,
8 + 8 AI Writing & Speaking reviews per month,zh-Hant,TW,每月 AI 批改寫作與口說各 8 次,approved,Home Page - prepedu.com/ielts/lab,Pricing - Core plan / Feature,TW_Localization feedback.csv#99,
RECOMMENDED,zh-Hant,TW,推薦,approved,Home Page - prepedu.com/ielts/lab,Pricing - Premium plan / Ribbon,TW_Localization feedback.csv#100,
Premium,zh-Hant,TW,Premium,approved,Home Page - prepedu.com/ielts/lab,Pricing - Premium plan / Plan name,TW_Localization feedback.csv#101,
Unlimited AI feedback plus Full IELTS Video Courses from Basic to Advanced.,zh-Hant,TW,不限次數的 AI 評分回饋，搭配完整雅思影音課程，從基礎到進階一次學會。,approved,Home Page - prepedu.com/ielts/lab,Pricing - Premium plan / Description,TW_Localization feedback.csv#102,
$23.25 /mo,zh-Hant,TW,NT$733.25 / 月,approved,Home Page - prepedu.com/ielts/lab,Pricing - Premium plan / Price,TW_Localization feedback.csv#103,
billed $279 / year   Save 40%,zh-Hant,TW,"年計費 NT$8,799，省下 40 %",approved,Home Page - prepedu.com/ielts/lab,Pricing - Premium plan / Price subtext,TW_Localization feedback.csv#104,
Go Premium,zh-Hant,TW,選擇 Premium,approved,Home Page - prepedu.com/ielts/lab,Pricing - Premium plan / Button,TW_Localization feedback.csv#105,
Unlimited AI Writing & Speaking,zh-Hant,TW,每月 AI 批改寫作與口說不限次數,approved,Home Page - prepedu.com/ielts/lab,Pricing - Premium plan / Feature,TW_Localization feedback.csv#106,
"Everything in Core, unlimited",zh-Hant,TW,Core 所有功能，且不限使用次數,approved,Home Page - prepedu.com/ielts/lab,Pricing - Premium plan / Feature,TW_Localization feedback.csv#107,
Full IELTS Video Courses from Basic to Advanced,zh-Hant,TW,雅思基礎至進階完整課程,approved,Home Page - prepedu.com/ielts/lab,Pricing - Premium plan / Feature,TW_Localization feedback.csv#108,
Band-score guarantee,zh-Hant,TW,目標分數保證,approved,Home Page - prepedu.com/ielts/lab,Pricing - Premium plan / Feature,TW_Localization feedback.csv#109,
Compare all plans in detail,zh-Hant,TW,詳細比較各方案,approved,Home Page - prepedu.com/ielts/lab,Pricing / Link,TW_Localization feedback.csv#110,
Start practicing today,zh-Hant,TW,今天就開始練習,approved,Home Page - prepedu.com/ielts/lab,Final CTA / Headline,TW_Localization feedback.csv#111,
"Learners practicing four times a week gain +1.7 bands in three months. Start the exam instantly, sign in when you submit. No credit card required.",zh-Hant,TW,每週練習 4 次的用戶，3 個月內平均進步 1.7 分以上。立即測驗，提交作答時再登入即可。免信用卡。,approved,Home Page - prepedu.com/ielts/lab,Final CTA / Body text,TW_Localization feedback.csv#112,
Start practicing now,zh-Hant,TW,立即開始練習,approved,Home Page - prepedu.com/ielts/lab,Final CTA / Button,TW_Localization feedback.csv#113,
HSK (Chinese),zh-Hant,TW,漢語水平考試,approved,Home Page - prepedu.com/ielts/lab,Footer - Programs / Link,TW_Localization feedback.csv#122,"This should not be shown. Since this product hasn't been localised and hasn't undergone any local user testing by our locale, I'm not sure whether it affects the user experience, and in turn affects users' perception of the IELTS and TOEIC products."
PrepTalk English,zh-Hant,TW,PrepTalk English,approved,Home Page - prepedu.com/ielts/lab,Footer - Programs / Link,TW_Localization feedback.csv#123,"This should not be shown. Since this product hasn't been localised and hasn't undergone any local user testing by our locale, I'm not sure whether it affects the user experience, and in turn affects users' perception of the IELTS and TOEIC products."
"Practice Reading & Listening for free, and get AI feedback on Writing & Speaking. Cancel anytime.",zh-Hant,TW,免費練習閱讀與聽力，再獲得 AI 批改寫作與口說。隨時都可取消。,approved,Pricing Page - prepedu.com/ielts/lab/pricing,"Pricing (giống Home) / Subheading (MỚI, chỉ có ở trang Pricing)",TW_Localization feedback.csv#139,
What changes as you move up,zh-Hant,TW,升級方案，你將獲得什麼？,approved,Pricing Page - prepedu.com/ielts/lab/pricing,Comparison table / Headline,TW_Localization feedback.csv#140,
"The bigger your target band, the more AI feedback you need.",zh-Hant,TW,你的目標分數越高，越需要 AI 回饋來精準掌握進步方向,approved,Pricing Page - prepedu.com/ielts/lab/pricing,Comparison table / Subheading,TW_Localization feedback.csv#141,
Free,zh-Hant,TW,Free,approved,Pricing Page - prepedu.com/ielts/lab/pricing,Comparison table / Column header,TW_Localization feedback.csv#142,
Core,zh-Hant,TW,Core,approved,Pricing Page - prepedu.com/ielts/lab/pricing,Comparison table / Column header,TW_Localization feedback.csv#143,
Premium,zh-Hant,TW,Premium,approved,Pricing Page - prepedu.com/ielts/lab/pricing,Comparison table / Column header,TW_Localization feedback.csv#144,
AI Writing & Speaking Scoring + Feedback,zh-Hant,TW,寫作與口說的 AI 評分及回饋,approved,Pricing Page - prepedu.com/ielts/lab/pricing,Comparison table / Row 1 - Feature title,TW_Localization feedback.csv#145,
Scored like a real examiner with 12 dimensions of feedback,zh-Hant,TW,比照真人考官的評分標準，提供 12 項評分面向的詳細回饋,approved,Pricing Page - prepedu.com/ielts/lab/pricing,Comparison table / Row 1 - Feature desc,TW_Localization feedback.csv#146,
1 + 1,zh-Hant,TW,1 + 1,approved,Pricing Page - prepedu.com/ielts/lab/pricing,Comparison table / Row 1 - Free value,TW_Localization feedback.csv#147,
8 + 8,zh-Hant,TW,8 + 8,approved,Pricing Page - prepedu.com/ielts/lab/pricing,Comparison table / Row 1 - Core value,TW_Localization feedback.csv#148,
Unlimited,zh-Hant,TW,無限次數,approved,Pricing Page - prepedu.com/ielts/lab/pricing,Comparison table / Row 1 - Premium value,TW_Localization feedback.csv#149,
Reading & Listening Practice,zh-Hant,TW,閱讀與聽力練習,approved,Pricing Page - prepedu.com/ielts/lab/pricing,Comparison table / Row 2 - Feature title,TW_Localization feedback.csv#150,
Drills with instant scoring & evidence,zh-Hant,TW,即時評分，並附答案與解題分析,approved,Pricing Page - prepedu.com/ielts/lab/pricing,Comparison table / Row 2 - Feature desc,TW_Localization feedback.csv#151,
Limited,zh-Hant,TW,有限次數,approved,Pricing Page - prepedu.com/ielts/lab/pricing,Comparison table / Row 2 - Free value,TW_Localization feedback.csv#152,
Unlimited,zh-Hant,TW,無限次數,approved,Pricing Page - prepedu.com/ielts/lab/pricing,Comparison table / Row 2 - Core value,TW_Localization feedback.csv#153,
Unlimited,zh-Hant,TW,無限次數,approved,Pricing Page - prepedu.com/ielts/lab/pricing,Comparison table / Row 2 - Premium value,TW_Localization feedback.csv#154,
Daily Goals & Progress Tracking,zh-Hant,TW,每日目標與進度追蹤,approved,Pricing Page - prepedu.com/ielts/lab/pricing,Comparison table / Row 3 - Feature title,TW_Localization feedback.csv#155,
Stay consistent with daily targets & progress insights,zh-Hant,TW,每日目標搭配進度追蹤，養成穩定學習的習慣,approved,Pricing Page - prepedu.com/ielts/lab/pricing,Comparison table / Row 3 - Feature desc,TW_Localization feedback.csv#156,
Expert-Curated Test Library,zh-Hant,TW,專家精選題庫資源,approved,Pricing Page - prepedu.com/ielts/lab/pricing,Comparison table / Row 4 - Feature title,TW_Localization feedback.csv#157,
"100+ predicted & trending tests, updated quarterly",zh-Hant,TW,超過 100 回預測及熱門試題，每季更新,approved,Pricing Page - prepedu.com/ielts/lab/pricing,Comparison table / Row 4 - Feature desc,TW_Localization feedback.csv#158,
Personalized Study Plan,zh-Hant,TW,個人化學習計畫,approved,Pricing Page - prepedu.com/ielts/lab/pricing,Comparison table / Row 5 - Feature title,TW_Localization feedback.csv#159,
Tailored learning path based on your target band,zh-Hant,TW,依照你的目標分數量身打造專屬學習路徑,approved,Pricing Page - prepedu.com/ielts/lab/pricing,Comparison table / Row 5 - Feature desc,TW_Localization feedback.csv#160,
Full IELTS Video Course (Band 4.0 - 7.0+),zh-Hant,TW,雅思完整影音課程（適合 4.0 - 7.0 分以上）,approved,Pricing Page - prepedu.com/ielts/lab/pricing,Comparison table / Row 6 - Feature title,TW_Localization feedback.csv#161,
Learn & review fundamentals anytime,zh-Hant,TW,隨時學習與複習基礎觀念，鞏固學習根基,approved,Pricing Page - prepedu.com/ielts/lab/pricing,Comparison table / Row 6 - Feature desc,TW_Localization feedback.csv#162,
Lifetime on annual,zh-Hant,TW,僅限年繳享永久權限,approved,Pricing Page - prepedu.com/ielts/lab/pricing,Comparison table / Row 6 - Premium value,TW_Localization feedback.csv#163,
Band-Score Guarantee,zh-Hant,TW,目標分數保證,approved,Pricing Page - prepedu.com/ielts/lab/pricing,Comparison table / Row 7 - Feature title,TW_Localization feedback.csv#164,
Hit your target band or your money back*,zh-Hant,TW,未達目標分數，享退費保障*,approved,Pricing Page - prepedu.com/ielts/lab/pricing,Comparison table / Row 7 - Feature desc,TW_Localization feedback.csv#165,
Annual,zh-Hant,TW,僅限年繳,approved,Pricing Page - prepedu.com/ielts/lab/pricing,Comparison table / Row 7 - Premium value,TW_Localization feedback.csv#166,"Sorry we would like to revise it into 僅限年繳 for every plan, meaning limited to annual plan. No further change."
Support,zh-Hant,TW,客服支援,approved,Pricing Page - prepedu.com/ielts/lab/pricing,Comparison table / Row 8 - Feature title,TW_Localization feedback.csv#167,
Help when you get stuck,zh-Hant,TW,卡關時，助教隨時提供協助,approved,Pricing Page - prepedu.com/ielts/lab/pricing,Comparison table / Row 8 - Feature desc,TW_Localization feedback.csv#168,
Email,zh-Hant,TW,電子郵件,approved,Pricing Page - prepedu.com/ielts/lab/pricing,Comparison table / Row 8 - Free/Core value,TW_Localization feedback.csv#169,
Priority,zh-Hant,TW,優先服務,approved,Pricing Page - prepedu.com/ielts/lab/pricing,Comparison table / Row 8 - Premium value,TW_Localization feedback.csv#170,
"Built by examiners, academic experts & 9.0 scorers",zh-Hant,TW,由考官、學術專家與 9.0 滿分顧問打造,approved,Pricing Page - prepedu.com/ielts/lab/pricing,Team section / Headline,TW_Localization feedback.csv#171,
The academic team training our AI to score with real-examiner precision,zh-Hant,TW,由專業學術團隊訓練 AI，讓評分精準達到真人考官水準。,approved,Pricing Page - prepedu.com/ielts/lab/pricing,Team section / Subheading,TW_Localization feedback.csv#172,
Trang Trương,zh-Hant,TW,Trang Trương,approved,Pricing Page - prepedu.com/ielts/lab/pricing,Team section / Member 1 - Name,TW_Localization feedback.csv#173,Just the advice: can we use English spelling without any tone marks.
IELTS 8.0 · 8.0 Speaking,zh-Hant,TW,雅思 8.0，口說 8.0 滿分,approved,Pricing Page - prepedu.com/ielts/lab/pricing,Team section / Member 1 - Tag,TW_Localization feedback.csv#174,
Leads Speaking · exam-room reflex training.,zh-Hant,TW,帶領口說教學，考場臨場反應訓練。,approved,Pricing Page - prepedu.com/ielts/lab/pricing,Team section / Member 1 - Bio,TW_Localization feedback.csv#175,
Jackson Howard,zh-Hant,TW,Jackson Howard,approved,Pricing Page - prepedu.com/ielts/lab/pricing,Team section / Member 2 - Name,TW_Localization feedback.csv#176,
Former IELTS examiner,zh-Hant,TW,前雅思考官,approved,Pricing Page - prepedu.com/ielts/lab/pricing,Team section / Member 2 - Tag,TW_Localization feedback.csv#177,
Writing & Speaking advisor · band-descriptor standards.,zh-Hant,TW,寫作與口說顧問，專精雅思評分標準。,approved,Pricing Page - prepedu.com/ielts/lab/pricing,Team section / Member 2 - Bio,TW_Localization feedback.csv#178,
Paul Varrah,zh-Hant,TW,Paul Varrah,approved,Pricing Page - prepedu.com/ielts/lab/pricing,Team section / Member 3 - Name,TW_Localization feedback.csv#179,
Native speaker,zh-Hant,TW,英語母語人士,approved,Pricing Page - prepedu.com/ielts/lab/pricing,Team section / Member 3 - Tag,TW_Localization feedback.csv#180,
Pronunciation & natural fluency coaching.,zh-Hant,TW,提供發音與自然流暢度指導。,approved,Pricing Page - prepedu.com/ielts/lab/pricing,Team section / Member 3 - Bio,TW_Localization feedback.csv#181,
Trung Đức,zh-Hant,TW,Trung Duc,approved,Pricing Page - prepedu.com/ielts/lab/pricing,Team section / Member 4 - Name,TW_Localization feedback.csv#182,Just the advice: can we use English spelling without any tone marks.
IELTS 9.0,zh-Hant,TW,雅思 9.0 滿分,approved,Pricing Page - prepedu.com/ielts/lab/pricing,Team section / Member 4 - Tag,TW_Localization feedback.csv#183,
Curriculum lead · Prep Evaluator AI advisor.,zh-Hant,TW,課程負責人・Prep AI 顧問,approved,Pricing Page - prepedu.com/ielts/lab/pricing,Team section / Member 4 - Bio,TW_Localization feedback.csv#184,
Frequently asked questions,zh-Hant,TW,常見問題,approved,Pricing Page - prepedu.com/ielts/lab/pricing,FAQ / Headline,TW_Localization feedback.csv#185,
Do I need an account to try it?,zh-Hant,TW,試用需要註冊帳號嗎？,approved,Pricing Page - prepedu.com/ielts/lab/pricing,FAQ / Q1,TW_Localization feedback.csv#186,
No. You can start practicing instantly. Just sign in (it's free) whenever you want to view your AI score and save your progress.,zh-Hant,TW,不需要。你可以立即開始練習，只有在想查看 AI 評分結果或儲存學習進度時，才需要註冊與登入帳號（註冊與登入完全免費）。,approved,Pricing Page - prepedu.com/ielts/lab/pricing,FAQ / A1,TW_Localization feedback.csv#187,
What do I get for free?,zh-Hant,TW,Free 可以獲得什麼？,approved,Pricing Page - prepedu.com/ielts/lab/pricing,FAQ / Q2,TW_Localization feedback.csv#188,"Sorry we would like to revise it into ""Free 可以獲得什麼？"""
One Speaking test and one Writing test every month — enough to experience our examiner-standard AI feedback before upgrading. No credit card required.,zh-Hant,TW,每月可享 1 次口說測驗與 1 次寫作測驗，免費體驗考官級 AI 評分回饋後，再決定是否升級。使用過程中，不需信用卡。,approved,Pricing Page - prepedu.com/ielts/lab/pricing,FAQ / A2,TW_Localization feedback.csv#189,
What's the difference between Core and Premium?,zh-Hant,TW,Core 與 Premium 有什麼不同？,approved,Pricing Page - prepedu.com/ielts/lab/pricing,FAQ / Q3,TW_Localization feedback.csv#190,
Core includes 8 Speaking and 8 Writing tests monthly (2 tasks/week). Credits reset every month and don't roll over. Premium offers unlimited practice and full course access. Neither plan auto-renews.,zh-Hant,TW,Core：每月提供 8 次口說與 8 次寫作測驗（相當於每週 2 次），額度每月重置、不可累積。Premium：提供無限次練習及完整課程權限。兩種方案皆不會自動續約。,approved,Pricing Page - prepedu.com/ielts/lab/pricing,FAQ / A3,TW_Localization feedback.csv#191,
How accurate is the AI scoring?,zh-Hant,TW,AI 評分準確嗎？,approved,Pricing Page - prepedu.com/ielts/lab/pricing,FAQ / Q4,TW_Localization feedback.csv#192,
"Our AI is trained on official scoring criteria, delivering feedback that closely matches real examiners. Use it to track progress and fix mistakes, rather than predicting your exact test score.",zh-Hant,TW,我們的 AI 依官方評分標準訓練而成，回饋結果與真人考官高度吻合。建議將它作為追蹤進度、修正錯誤的工具，而非用來精準預測你的實際考試分數。,approved,Pricing Page - prepedu.com/ielts/lab/pricing,FAQ / A4,TW_Localization feedback.csv#193,
Free trial attempt,zh-Hant,TW,免費試用 Prep AI,approved,Free Trial Page - prepedu.com/ielts/lab/trial,Free trial - Recording step / Headline,TW_Localization feedback.csv#194,
Submit your response and see exactly how our AI grades you,zh-Hant,TW,提交你的作答，看看 AI 會怎麼幫你評分,approved,Free Trial Page - prepedu.com/ielts/lab/trial,Free trial - Recording step / Subheading,TW_Localization feedback.csv#195,
Virtual Speaking Room,zh-Hant,TW,線上口說練習室,approved,Free Trial Page - prepedu.com/ielts/lab/trial,Free trial - Recording step / Tab (active),TW_Localization feedback.csv#196,
Virtual Writing Room,zh-Hant,TW,線上寫作練習室,approved,Free Trial Page - prepedu.com/ielts/lab/trial,Free trial - Recording step / Tab (inactive),TW_Localization feedback.csv#197,
Part 1,zh-Hant,TW,Part 1,approved,Free Trial Page - prepedu.com/ielts/lab/trial,Free trial - Recording step / Part label,TW_Localization feedback.csv#198,API part.title
Press to start recording,zh-Hant,TW,按下開始錄音,approved,Free Trial Page - prepedu.com/ielts/lab/trial,Free trial - Recording step / Button (ghi âm),TW_Localization feedback.csv#199,
Your answer,zh-Hant,TW,你的答案,approved,Free Trial Page - prepedu.com/ielts/lab/trial,Free trial - Review step / Section label,TW_Localization feedback.csv#200,
Try again,zh-Hant,TW,再試一次,approved,Free Trial Page - prepedu.com/ielts/lab/trial,Free trial - Review step / Button,TW_Localization feedback.csv#201,
Submit - AI scores now,zh-Hant,TW,送出答案，立即取得 AI 評分,approved,Free Trial Page - prepedu.com/ielts/lab/trial,Free trial - Review step / Button,TW_Localization feedback.csv#202,
Result,zh-Hant,TW,評估結果,approved,Free Trial Page - prepedu.com/ielts/lab/trial,Free trial - Result / Page heading,TW_Localization feedback.csv#203,
Congratulations!,zh-Hant,TW,恭喜你！,approved,Free Trial Page - prepedu.com/ielts/lab/trial,Free trial - Result / Headline,TW_Localization feedback.csv#204,
Your AI score is ready!,zh-Hant,TW,你的 AI 評分出來了！,approved,Free Trial Page - prepedu.com/ielts/lab/trial,Free trial - Result / Subheading,TW_Localization feedback.csv#205,
This is a quick estimate from our light AI. Sign in and take a full test to get detailed scoring from our full examiner AI.,zh-Hant,TW,這是由 AI 提供的即時初步評分。登入後完成一次完整測驗，就能看到更詳細的評分結果，讓考官級 AI 幫你完整分析。,approved,Free Trial Page - prepedu.com/ielts/lab/trial,Free trial - Result / Body text,TW_Localization feedback.csv#206,
Estimate score,zh-Hant,TW,預估分數,approved,Free Trial Page - prepedu.com/ielts/lab/trial,Free trial - Result / Label,TW_Localization feedback.csv#207,
Detail result,zh-Hant,TW,詳細評分結果,approved,Free Trial Page - prepedu.com/ielts/lab/trial,Free trial - Result / Label,TW_Localization feedback.csv#208,
Pronunciation,zh-Hant,TW,Pronunciation,approved,Free Trial Page - prepedu.com/ielts/lab/trial,Free trial - Result / Criterion label,TW_Localization feedback.csv#209,
Fluency and Coherence,zh-Hant,TW,Fluency and Coherence,approved,Free Trial Page - prepedu.com/ielts/lab/trial,Free trial - Result / Criterion label,TW_Localization feedback.csv#210,
Lexical Resource,zh-Hant,TW,Lexical Resource,approved,Free Trial Page - prepedu.com/ielts/lab/trial,Free trial - Result / Criterion label,TW_Localization feedback.csv#211,
Grammatical Range and Accuracy,zh-Hant,TW,Grammatical Range and Accuracy,approved,Free Trial Page - prepedu.com/ielts/lab/trial,Free trial - Result / Criterion label,TW_Localization feedback.csv#212,
Where you stand,zh-Hant,TW,你的表現,approved,Free Trial Page - prepedu.com/ielts/lab/trial,Free trial - Result / Label,TW_Localization feedback.csv#213,
You scored higher than 95% of learners who tried this question.,zh-Hant,TW,你的答題表現優於 95% 做過這題的用戶。,approved,Free Trial Page - prepedu.com/ielts/lab/trial,Free trial - Result / Body text (có % động),TW_Localization feedback.csv#214,
Take the full IELTS test,zh-Hant,TW,開始完整雅思測驗,approved,Free Trial Page - prepedu.com/ielts/lab/trial,Free trial - Result / Button,TW_Localization feedback.csv#215,
Login,zh-Hant,TW,登入,approved,Dashboard (Guest) - prepedu.com/ielts/lab/dashboard,Header/Nav / Button (guest mode),TW_Localization feedback.csv#216,
EXPERT-CURATED EXAM LIBRARY,zh-Hant,TW,專家精選題庫資源,approved,Dashboard (Guest) - prepedu.com/ielts/lab/dashboard,Dashboard - Intro / Badge/Pill,TW_Localization feedback.csv#217,
Practice the latest exam trends and your weak question types,zh-Hant,TW,掌握最新考試趨勢，針對弱項題型強化練習。,approved,Dashboard (Guest) - prepedu.com/ielts/lab/dashboard,Dashboard - Intro / Headline,TW_Localization feedback.csv#218,
Quick virtual room test,zh-Hant,TW,線上練習室快速練習,approved,Dashboard (Guest) - prepedu.com/ielts/lab/dashboard,Dashboard - Quick test / Section label,TW_Localization feedback.csv#219,
Speaking,zh-Hant,TW,口說,approved,Dashboard (Guest) - prepedu.com/ielts/lab/dashboard,Dashboard - Quick test / Card label,TW_Localization feedback.csv#220,
Score: 6.5,zh-Hant,TW,分數：6.5,approved,Dashboard (Guest) - prepedu.com/ielts/lab/dashboard,Dashboard - Quick test / Card meta (động),TW_Localization feedback.csv#221,
Retest,zh-Hant,TW,重新測驗,approved,Dashboard (Guest) - prepedu.com/ielts/lab/dashboard,Dashboard - Quick test / Button,TW_Localization feedback.csv#222,
Writing,zh-Hant,TW,寫作,approved,Dashboard (Guest) - prepedu.com/ielts/lab/dashboard,Dashboard - Quick test / Card label,TW_Localization feedback.csv#223,
Answer 1 question · AI scores you in seconds,zh-Hant,TW,回答 1 題，AI 幾秒內就能幫你快速評分,approved,Dashboard (Guest) - prepedu.com/ielts/lab/dashboard,Dashboard - Quick test / Card body,TW_Localization feedback.csv#224,
Start,zh-Hant,TW,開始測驗,approved,Dashboard (Guest) - prepedu.com/ielts/lab/dashboard,Dashboard - Quick test / Button,TW_Localization feedback.csv#225,
Unlimited Examiner-Standard AI Feedback,zh-Hant,TW,無限次考官標準 AI 回饋,approved,Dashboard (Guest) - prepedu.com/ielts/lab/dashboard,Dashboard - Upsell banner / Headline,TW_Localization feedback.csv#226,
One free test isn't enough to build a habit. Practice Speaking & Writing daily to boost your band with every attempt,zh-Hant,TW,一次免費測驗不足以養成習慣，每天練習口說與寫作，用每一次練習來提升你的分數。,approved,Dashboard (Guest) - prepedu.com/ielts/lab/dashboard,Dashboard - Upsell banner / Body text,TW_Localization feedback.csv#227,
AI Writing & Speaking reviews,zh-Hant,TW,寫作與口說 AI 評分,approved,Dashboard (Guest) - prepedu.com/ielts/lab/dashboard,Dashboard - Upsell banner / Bullet,TW_Localization feedback.csv#228,
Full IELTS course + band-score guarantee,zh-Hant,TW,雅思完整影音課程＆目標分數保證,approved,Dashboard (Guest) - prepedu.com/ielts/lab/dashboard,Dashboard - Upsell banner / Bullet,TW_Localization feedback.csv#229,
Go Premium,zh-Hant,TW,升級至 Premium,approved,Dashboard (Guest) - prepedu.com/ielts/lab/dashboard,Dashboard - Upsell banner / Button,TW_Localization feedback.csv#230,
View demo result,zh-Hant,TW,查看評分範例,approved,Dashboard (Guest) - prepedu.com/ielts/lab/dashboard,Dashboard - Upsell banner / Button,TW_Localization feedback.csv#231,
Explore more tests,zh-Hant,TW,探索更多模擬測驗,approved,Dashboard (Guest) - prepedu.com/ielts/lab/dashboard,Dashboard - Explore tests / Section heading,TW_Localization feedback.csv#232,
Test library,zh-Hant,TW,題庫資源,approved,Dashboard (Guest) - prepedu.com/ielts/lab/dashboard,Dashboard - Explore tests / View toggle,TW_Localization feedback.csv#233,
Practice by type,zh-Hant,TW,依題型練習,approved,Dashboard (Guest) - prepedu.com/ielts/lab/dashboard,Dashboard - Explore tests / View toggle,TW_Localization feedback.csv#234,
All tests,zh-Hant,TW,所有測驗,approved,Dashboard (Guest) - prepedu.com/ielts/lab/dashboard,Dashboard - Explore tests / Filter tab,TW_Localization feedback.csv#235,
Listening,zh-Hant,TW,聽力,approved,Dashboard (Guest) - prepedu.com/ielts/lab/dashboard,Dashboard - Explore tests / Filter tab,TW_Localization feedback.csv#236,
Reading,zh-Hant,TW,閱讀,approved,Dashboard (Guest) - prepedu.com/ielts/lab/dashboard,Dashboard - Explore tests / Filter tab,TW_Localization feedback.csv#237,
Writing,zh-Hant,TW,寫作,approved,Dashboard (Guest) - prepedu.com/ielts/lab/dashboard,Dashboard - Explore tests / Filter tab,TW_Localization feedback.csv#238,
Speaking,zh-Hant,TW,口說,approved,Dashboard (Guest) - prepedu.com/ielts/lab/dashboard,Dashboard - Explore tests / Filter tab,TW_Localization feedback.csv#239,
Hot,zh-Hant,TW,熱門,approved,Dashboard (Guest) - prepedu.com/ielts/lab/dashboard,Dashboard - Explore tests / Filter tab,TW_Localization feedback.csv#240,
Forecast,zh-Hant,TW,預測,approved,Dashboard (Guest) - prepedu.com/ielts/lab/dashboard,Dashboard - Explore tests / Filter tab,TW_Localization feedback.csv#241,
Pro,zh-Hant,TW,專業,approved,Dashboard (Guest) - prepedu.com/ielts/lab/dashboard,Dashboard - Explore tests / Plan filter,TW_Localization feedback.csv#242,
Free,zh-Hant,TW,免費,approved,Dashboard (Guest) - prepedu.com/ielts/lab/dashboard,Dashboard - Explore tests / Plan filter,TW_Localization feedback.csv#243,
Search for tests,zh-Hant,TW,搜尋模擬測驗,approved,Dashboard (Guest) - prepedu.com/ielts/lab/dashboard,Dashboard - Explore tests / Search placeholder,TW_Localization feedback.csv#244,
View detail,zh-Hant,TW,檢視詳細資訊,approved,Dashboard (Guest) - prepedu.com/ielts/lab/dashboard,Dashboard - Explore tests / Card link,TW_Localization feedback.csv#245,
48 tests,zh-Hant,TW,48 回模擬測驗,approved,Dashboard (Guest) - prepedu.com/ielts/lab/dashboard,"Dashboard - Explore tests / Card meta (động, template)",TW_Localization feedback.csv#246,
4 skills,zh-Hant,TW,四項技能,approved,Dashboard (Guest) - prepedu.com/ielts/lab/dashboard,"Dashboard - Explore tests / Card meta (động, template)",TW_Localization feedback.csv#247,
1 of 12,zh-Hant,TW,1 / 12,approved,Dashboard (Guest) - prepedu.com/ielts/lab/dashboard,"Dashboard - Explore tests / Pagination (động, template)",TW_Localization feedback.csv#248,
Showing 1-9 of 22,zh-Hant,TW,顯示第 1–9 項，共 22 項,approved,Dashboard (Guest) - prepedu.com/ielts/lab/dashboard,"Dashboard - Explore tests / Pagination (động, template)",TW_Localization feedback.csv#249,
My dashboard,zh-Hant,TW,我的學習中心,approved,Dashboard (Free account) - prepedu.com/ielts/lab/dashboard,Header/Nav / Breadcrumb,TW_Localization feedback.csv#251,
My course,zh-Hant,TW,我的課程,approved,Dashboard (Free account) - prepedu.com/ielts/lab/dashboard,Header/Nav / Button,TW_Localization feedback.csv#252,
Unlimited virtual room analyses,zh-Hant,TW,無限次數 AI 分析,approved,Dashboard (Free account) - prepedu.com/ielts/lab/dashboard,Header/Nav / Button (upsell),TW_Localization feedback.csv#253,
Premium,zh-Hant,TW,Premium,approved,Dashboard (Free account) - prepedu.com/ielts/lab/dashboard,Dashboard - Hero card / Plan badge (động),TW_Localization feedback.csv#254,
Expiration date 14/09/2027,zh-Hant,TW,會員到期日： 2027/09/14,approved,Dashboard (Free account) - prepedu.com/ielts/lab/dashboard,Dashboard - Hero card / Text (động),TW_Localization feedback.csv#255,It would be great if date format could follow the Taiwanese usage: 會員到期日： 2027/09/14 (YY/MM/DD)
Let's move closer to your target today,zh-Hant,TW,今天就讓我們更接近你的目標,approved,Dashboard (Free account) - prepedu.com/ielts/lab/dashboard,Dashboard - Hero card / Headline,TW_Localization feedback.csv#256,
You're on Premium — enjoy,zh-Hant,TW,你目前是 Premium 方案，盡情使用吧！,approved,Dashboard (Free account) - prepedu.com/ielts/lab/dashboard,Dashboard - Hero card / Subtext (động theo gói),TW_Localization feedback.csv#257,
Expected test date 31/12/2026,zh-Hant,TW,預計考試日期：2026/12/31,approved,Dashboard (Free account) - prepedu.com/ielts/lab/dashboard,Dashboard - Hero card / Label (động),TW_Localization feedback.csv#258,It would be great if date format could follow the Taiwanese usage: 會員到期日： 2026/12/31 (YY/MM/DD)
View practice profile,zh-Hant,TW,查看你的學習檔案,approved,Dashboard (Free account) - prepedu.com/ielts/lab/dashboard,Dashboard - Hero card / Link,TW_Localization feedback.csv#259,
Your IELTS level,zh-Hant,TW,你的雅思程度,approved,Dashboard (Free account) - prepedu.com/ielts/lab/dashboard,Dashboard - Hero card / Label,TW_Localization feedback.csv#260,
Edit goals,zh-Hant,TW,編輯你的目標分數,approved,Dashboard (Free account) - prepedu.com/ielts/lab/dashboard,Dashboard - Hero card / Link/Button,TW_Localization feedback.csv#261,
Entry level,zh-Hant,TW,起始程度,approved,Dashboard (Free account) - prepedu.com/ielts/lab/dashboard,Dashboard - Hero card / Metric label,TW_Localization feedback.csv#262,
Predicted,zh-Hant,TW,預估分數,approved,Dashboard (Free account) - prepedu.com/ielts/lab/dashboard,Dashboard - Hero card / Metric label,TW_Localization feedback.csv#263,
Target level,zh-Hant,TW,目標分數,approved,Dashboard (Free account) - prepedu.com/ielts/lab/dashboard,Dashboard - Hero card / Metric label,TW_Localization feedback.csv#264,
Recommended for you,zh-Hant,TW,為你推薦,approved,Dashboard (Free account) - prepedu.com/ielts/lab/dashboard,Dashboard - Recommended banner / Section label,TW_Localization feedback.csv#265,
Based on your progress,zh-Hant,TW,根據你的學習進度,approved,Dashboard (Free account) - prepedu.com/ielts/lab/dashboard,Dashboard - Recommended banner / Subtext,TW_Localization feedback.csv#266,
In progress,zh-Hant,TW,進行中,approved,Dashboard (Free account) - prepedu.com/ielts/lab/dashboard,Dashboard - Recommended banner / Status tag,TW_Localization feedback.csv#267,
Continue,zh-Hant,TW,繼續練習,approved,Dashboard (Free account) - prepedu.com/ielts/lab/dashboard,Dashboard - Recommended banner / Button,TW_Localization feedback.csv#268,
PREPEDU,zh-Hant-HK,HK,PREPEDU,approved,Home Page - prepedu.com/ielts/lab,Header/Nav / Logo,HK_Localization Feedback.csv#2,
View Demo,zh-Hant-HK,HK,產品示範,approved,Home Page - prepedu.com/ielts/lab,Header/Nav / Menu item,HK_Localization Feedback.csv#3,
How it works,zh-Hant-HK,HK,使用流程,approved,Home Page - prepedu.com/ielts/lab,Header/Nav / Menu item,HK_Localization Feedback.csv#4,
Exam Library,zh-Hant-HK,HK,題庫資源,approved,Home Page - prepedu.com/ielts/lab,Header/Nav / Menu item,HK_Localization Feedback.csv#5,
Pricing,zh-Hant-HK,HK,方案價格,approved,Home Page - prepedu.com/ielts/lab,Header/Nav / Menu item,HK_Localization Feedback.csv#6,
Start practicing,zh-Hant-HK,HK,立即練習,approved,Home Page - prepedu.com/ielts/lab,Header/Nav / Button (top right),HK_Localization Feedback.csv#7,
IELTS SCORE,zh-Hant-HK,HK,IELTS 成績,approved,Home Page - prepedu.com/ielts/lab,Hero - Score widget / Label,HK_Localization Feedback.csv#8,
7.5,zh-Hant-HK,HK,7.5,approved,Home Page - prepedu.com/ielts/lab,Hero - Score widget / Score number,HK_Localization Feedback.csv#9,
Overall,zh-Hant-HK,HK,總分,approved,Home Page - prepedu.com/ielts/lab,Hero - Score widget / Label,HK_Localization Feedback.csv#10,
Listening,zh-Hant-HK,HK,聆聽,approved,Home Page - prepedu.com/ielts/lab,Hero - Score widget / Sub-score label,HK_Localization Feedback.csv#11,
7.5,zh-Hant-HK,HK,7.5,approved,Home Page - prepedu.com/ielts/lab,Hero - Score widget / Sub-score value,HK_Localization Feedback.csv#12,
Reading,zh-Hant-HK,HK,閱讀,approved,Home Page - prepedu.com/ielts/lab,Hero - Score widget / Sub-score label,HK_Localization Feedback.csv#13,
7.0,zh-Hant-HK,HK,7.0,approved,Home Page - prepedu.com/ielts/lab,Hero - Score widget / Sub-score value,HK_Localization Feedback.csv#14,
Speaking,zh-Hant-HK,HK,口語,approved,Home Page - prepedu.com/ielts/lab,Hero - Score widget / Sub-score label,HK_Localization Feedback.csv#15,
7.0,zh-Hant-HK,HK,7.0,approved,Home Page - prepedu.com/ielts/lab,Hero - Score widget / Sub-score value,HK_Localization Feedback.csv#16,
Writing,zh-Hant-HK,HK,寫作,approved,Home Page - prepedu.com/ielts/lab,Hero - Score widget / Sub-score label,HK_Localization Feedback.csv#17,
7.5,zh-Hant-HK,HK,7.5,approved,Home Page - prepedu.com/ielts/lab,Hero - Score widget / Sub-score value,HK_Localization Feedback.csv#18,
14 fixes suggested,zh-Hant-HK,HK,共 14 項修改建議,approved,Home Page - prepedu.com/ielts/lab,Hero - Score widget / Tag/pill,HK_Localization Feedback.csv#19,
Find out exactly why your,zh-Hant-HK,HK,找出令你 IELTS 成績,approved,Home Page - prepedu.com/ielts/lab,Hero / Headline (line 1),HK_Localization Feedback.csv#20,
IELTS band is stuck,zh-Hant-HK,HK,停滯不前的關鍵,approved,Home Page - prepedu.com/ielts/lab,"Hero / Headline (line 2, highlighted)",HK_Localization Feedback.csv#21,
"Prep AI marks to examiner-standard, calibrated on 18M+ real answers, validated by a former IELTS examiner and a 9.0-band team.",zh-Hant-HK,HK,"Prep AI 依照考官評分標準運作，並根據超過 1,800 萬份真實答案校準而成，經前 IELTS 考官及取得 9.0 分的專家團隊審核驗證。",approved,Home Page - prepedu.com/ielts/lab,Hero / Subheading,HK_Localization Feedback.csv#22,
Free Speaking & Writing Test,zh-Hant-HK,HK,免費口語及寫作考試,approved,Home Page - prepedu.com/ielts/lab,Hero / CTA button,HK_Localization Feedback.csv#23,
SEE PREP AI IN ACTION,zh-Hant-HK,HK,了解 Prep AI 評分方式,approved,Home Page - prepedu.com/ielts/lab,Feature - Virtual Rooms / Badge/Pill,HK_Localization Feedback.csv#24,
See the exact sentences costing you bands,zh-Hant-HK,HK,精準找出失分句子,approved,Home Page - prepedu.com/ielts/lab,Feature - Virtual Rooms / Headline,HK_Localization Feedback.csv#25,
"Click the underlined phrases to see the feedback, criterion by criterion.",zh-Hant-HK,HK,點擊畫有底線的文字，即可按照各項評分標準查閱相應意見。,approved,Home Page - prepedu.com/ielts/lab,Feature - Virtual Rooms / Subheading,HK_Localization Feedback.csv#26,
Virtual Writing Room,zh-Hant-HK,HK,線上寫作練習室,approved,Home Page - prepedu.com/ielts/lab,Feature - Virtual Rooms / Tab (active),HK_Localization Feedback.csv#27,
Virtual Speaking Room,zh-Hant-HK,HK,線上口語練習室,approved,Home Page - prepedu.com/ielts/lab,Feature - Virtual Rooms / Tab (inactive),HK_Localization Feedback.csv#28,
HOW IT WORKS,zh-Hant-HK,HK,使用流程,approved,Home Page - prepedu.com/ielts/lab,How It Works / Badge/Pill,HK_Localization Feedback.csv#29,
From today's band to your target,zh-Hant-HK,HK,由現有程度，穩步邁向 IELTS 目標分數,approved,Home Page - prepedu.com/ielts/lab,How It Works / Headline,HK_Localization Feedback.csv#30,
"A clear path from diagnostic to exam day, powered by examiner-standard AI.",zh-Hant-HK,HK,由程度評估以至正式應考，全程均由考官級 AI 引導你的備試歷程。,approved,Home Page - prepedu.com/ielts/lab,How It Works / Subheading,HK_Localization Feedback.csv#31,
Practice All 4 Skills,zh-Hant-HK,HK,全面提升四項能力,approved,Home Page - prepedu.com/ielts/lab,How It Works / Step 1 - Title,HK_Localization Feedback.csv#32,
"Listening, Reading, Writing and Speaking. Every question type on the exam, built by IELTS experts and refreshed each quarter, so you're never practicing on outdated material.",zh-Hant-HK,HK,聆聽、閱讀、寫作、口語，各種 IELTS 題型均可作針對性練習。課程內容由 IELTS 專家團隊設計，並按季度更新，緊貼最新考試趨勢，確保練習內容不會過時。,approved,Home Page - prepedu.com/ielts/lab,How It Works / Step 1 - Body,HK_Localization Feedback.csv#33,
Submit And See What's Costing You Bands,zh-Hant-HK,HK,提交作答，找出失分關鍵所在,approved,Home Page - prepedu.com/ielts/lab,How It Works / Step 2 - Title,HK_Localization Feedback.csv#34,
"Every attempt marked against each band descriptor, as consistently as a human examiner. Prep AI remembers your errors across attempts, so you'll know what's really costing you bands.",zh-Hant-HK,HK,每次作答均按照官方評分標準逐項批改，評分穩定程度媲美真人考官。Prep AI 更會記錄考生每次練習所犯的錯誤，助其準確掌握失分原因，對症下藥。,approved,Home Page - prepedu.com/ielts/lab,How It Works / Step 2 - Body,HK_Localization Feedback.csv#35,
"See Your Mistakes, Fix Them, Then Try Again",zh-Hant-HK,HK,檢視錯處、糾正弱點，再次應試,approved,Home Page - prepedu.com/ielts/lab,How It Works / Step 3 - Title,HK_Localization Feedback.csv#36,
"See your accuracy on every question type, work on the weak ones, take another exam, watch the band move.",zh-Hant-HK,HK,查閱各題型的作答正確率，針對弱項加強練習後再次測試，藉此見證成績逐步提升。,approved,Home Page - prepedu.com/ielts/lab,How It Works / Step 3 - Body,HK_Localization Feedback.csv#37,
Know your IELTS level in 12 minutes,zh-Hant-HK,HK,只需 12 分鐘，即可了解自身 IELTS 程度,approved,Home Page - prepedu.com/ielts/lab,How It Works / Link/CTA (bổ sung),HK_Localization Feedback.csv#38,
EXPERT-CURATED EXAM LIBRARY,zh-Hant-HK,HK,專家精選題庫資源,approved,Home Page - prepedu.com/ielts/lab,Exam Library / Badge/Pill,HK_Localization Feedback.csv#39,
Drill the question types,zh-Hant-HK,HK,按題型分類練習,approved,Home Page - prepedu.com/ielts/lab,Exam Library / Headline (line 1),HK_Localization Feedback.csv#40,
you keep getting wrong,zh-Hant-HK,HK,針對常見失分題型加強練習,approved,Home Page - prepedu.com/ielts/lab,"Exam Library / Headline (line 2, highlighted)",HK_Localization Feedback.csv#41,
100+ exam papers,zh-Hant-HK,HK,超過 100 份 IELTS 模擬試卷,approved,Home Page - prepedu.com/ielts/lab,Exam Library / Feature pill,HK_Localization Feedback.csv#42,
Every question type,zh-Hant-HK,HK,完整涵蓋各類題型,approved,Home Page - prepedu.com/ielts/lab,Exam Library / Feature pill,HK_Localization Feedback.csv#43,
Every answer explained,zh-Hant-HK,HK,每題皆附答案及詳細解析,approved,Home Page - prepedu.com/ielts/lab,Exam Library / Feature pill,HK_Localization Feedback.csv#44,
Try latest exam sets,zh-Hant-HK,HK,體驗最新 IELTS 試題,approved,Home Page - prepedu.com/ielts/lab,Exam Library / Button,HK_Localization Feedback.csv#45,
Practice by question type,zh-Hant-HK,HK,按題型練習,approved,Home Page - prepedu.com/ielts/lab,Exam Library - Practice grid / Section label,HK_Localization Feedback.csv#46,
Practice more tests,zh-Hant-HK,HK,瀏覽其他練習題目,approved,Home Page - prepedu.com/ielts/lab,Exam Library - Practice grid / Button,HK_Localization Feedback.csv#63,
PROVEN RESULTS,zh-Hant-HK,HK,學員成績分享,approved,Home Page - prepedu.com/ielts/lab,Proven Results / Testimonials / Badge/Pill,HK_Localization Feedback.csv#64,
"Real learners, real band jumps",zh-Hant-HK,HK,真實學員，真實進步,approved,Home Page - prepedu.com/ielts/lab,Proven Results / Testimonials / Headline,HK_Localization Feedback.csv#65,
Learners practicing with Prepedu 4 times a week gain an average of +1.7 bands in 3 months,zh-Hant-HK,HK,每週使用 Prep Edu 練習達 4 次的學員，3 個月內平均進步達 1.7 分以上,approved,Home Page - prepedu.com/ielts/lab,Proven Results / Testimonials / Subheading,HK_Localization Feedback.csv#66,
Achieved 7.5,zh-Hant-HK,HK,考獲 IELTS 7.5 分,approved,Home Page - prepedu.com/ielts/lab,Proven Results / Testimonials / Card 1 - Title,HK_Localization Feedback.csv#67,
"""What I liked most was the Virtual Writing Room - it pointed out my weaknesses and gave clear, actionable guidance on how to improve.""",zh-Hant-HK,HK,線上寫作練習室對我助益最大。系統除指出寫作弱點外，亦會提供具體改善建議，內容清晰實用！,approved,Home Page - prepedu.com/ielts/lab,Proven Results / Testimonials / Card 1 - Quote,HK_Localization Feedback.csv#68,
Boon (MBA applicant),zh-Hant-HK,HK,Boon（申請MBA）,approved,Home Page - prepedu.com/ielts/lab,Proven Results / Testimonials / Card 1 - Name,HK_Localization Feedback.csv#69,
Writing focus · 90 days,zh-Hant-HK,HK,主攻寫作 · 90 天,approved,Home Page - prepedu.com/ielts/lab,Proven Results / Testimonials / Card 1 - Tag,HK_Localization Feedback.csv#70,
6.0 → 8.0,zh-Hant-HK,HK,6.0 → 8.0,approved,Home Page - prepedu.com/ielts/lab,Proven Results / Testimonials / Card 2 - Score change,HK_Localization Feedback.csv#71,
+2.0 Bands,zh-Hant-HK,HK,進步 2.0 分,approved,Home Page - prepedu.com/ielts/lab,Proven Results / Testimonials / Card 2 - Badge,HK_Localization Feedback.csv#72,
"""I never practiced all four skills in one day - just one or two, done well, using Prep's AI Speaking Room to improve. I went from 6.0 to 8.0 in three months.""",zh-Hant-HK,HK,我並非每日同時操練四項技能，而是集中精力鞏固一至兩項，配合 Prep AI 線上口語練習室加強訓練，三個月內成績由 6 分提升至 8 分。,approved,Home Page - prepedu.com/ielts/lab,Proven Results / Testimonials / Card 2 - Quote,HK_Localization Feedback.csv#73,
Thao Le,zh-Hant-HK,HK,Thao Le,approved,Home Page - prepedu.com/ielts/lab,Proven Results / Testimonials / Card 2 - Name,HK_Localization Feedback.csv#74,
Writing focus · 3 months,zh-Hant-HK,HK,主攻寫作 · 3 個月,approved,Home Page - prepedu.com/ielts/lab,Proven Results / Testimonials / Card 2 - Tag,HK_Localization Feedback.csv#75,
Achieved 7.5,zh-Hant-HK,HK,考獲 IELTS 7.5 分,approved,Home Page - prepedu.com/ielts/lab,Proven Results / Testimonials / Card 3 - Title,HK_Localization Feedback.csv#76,
"""With 11 days left, Prep Edu's Forecast bank for Speaking and Writing let me target exactly what I needed - no time wasted. Still hit IELTS 7.5.""",zh-Hant-HK,HK,僅餘 11 天備試時間，我利用 Prep Edu 的口語及寫作預測題目，針對個人弱項作重點練習，最終如期考獲 IELTS 7.5 分。,approved,Home Page - prepedu.com/ielts/lab,Proven Results / Testimonials / Card 3 - Quote,HK_Localization Feedback.csv#77,
Champ (admitted to Mahidol Medicine),zh-Hant-HK,HK,Champ（獲泰國瑪希敦大學醫學系錄取）,approved,Home Page - prepedu.com/ielts/lab,Proven Results / Testimonials / Card 3 - Name,HK_Localization Feedback.csv#78,
Speaking & Writing · 11-day prep,zh-Hant-HK,HK,口語及寫作 · 11 天備試期,approved,Home Page - prepedu.com/ielts/lab,Proven Results / Testimonials / Card 3 - Tag,HK_Localization Feedback.csv#79,
PRICING,zh-Hant-HK,HK,方案價格,approved,Home Page - prepedu.com/ielts/lab,Pricing / Badge/Pill,HK_Localization Feedback.csv#80,
"Pick your plan, get your band",zh-Hant-HK,HK,選擇適合的方案，穩奪 IELTS 理想成績,approved,Home Page - prepedu.com/ielts/lab,Pricing / Headline,HK_Localization Feedback.csv#81,
Monthly,zh-Hant-HK,HK,月繳,approved,Home Page - prepedu.com/ielts/lab,Pricing / Billing toggle,HK_Localization Feedback.csv#82,
Quarterly - Popular,zh-Hant-HK,HK,季繳（熱門之選）,approved,Home Page - prepedu.com/ielts/lab,Pricing / Billing toggle,HK_Localization Feedback.csv#83,
Annual - Best value,zh-Hant-HK,HK,年繳（最超值）,approved,Home Page - prepedu.com/ielts/lab,Pricing / Billing toggle,HK_Localization Feedback.csv#84,
Free,zh-Hant-HK,HK,Free,approved,Home Page - prepedu.com/ielts/lab,Pricing - Free plan / Plan name,HK_Localization Feedback.csv#85,
Try the AI feedback. No card needed.,zh-Hant-HK,HK,毋須信用卡，即可免費體驗 AI 評分回饋。,approved,Home Page - prepedu.com/ielts/lab,Pricing - Free plan / Description,HK_Localization Feedback.csv#86,
$0 forever,zh-Hant-HK,HK,HK$0,approved,Home Page - prepedu.com/ielts/lab,Pricing - Free plan / Price,HK_Localization Feedback.csv#87,
"Free, always",zh-Hant-HK,HK,永久免費,approved,Home Page - prepedu.com/ielts/lab,Pricing - Free plan / Price subtext,HK_Localization Feedback.csv#88,
Start free,zh-Hant-HK,HK,免費試用,approved,Home Page - prepedu.com/ielts/lab,Pricing - Free plan / Button,HK_Localization Feedback.csv#89,
Daily Reading & Listening practice,zh-Hant-HK,HK,每日聆聽及閱讀練習,approved,Home Page - prepedu.com/ielts/lab,Pricing - Free plan / Feature,HK_Localization Feedback.csv#90,
1 free AI Writing + Speaking review/month,zh-Hant-HK,HK,每月免費獲得 AI 批改寫作及口語各 1 次,approved,Home Page - prepedu.com/ielts/lab,Pricing - Free plan / Feature,HK_Localization Feedback.csv#91,
Core,zh-Hant-HK,HK,Core,approved,Home Page - prepedu.com/ielts/lab,Pricing - Core plan / Plan name,HK_Localization Feedback.csv#92,
"Serious daily practice, with monthly AI feedback.",zh-Hant-HK,HK,持續每日練習，每月獲取 AI 評分回饋。,approved,Home Page - prepedu.com/ielts/lab,Pricing - Core plan / Description,HK_Localization Feedback.csv#93,
$11.58 /mo,zh-Hant-HK,HK,HK$91.58／月,approved,Home Page - prepedu.com/ielts/lab,Pricing - Core plan / Price,HK_Localization Feedback.csv#94,
billed $139 / year   Save 54%,zh-Hant-HK,HK,"年繳 HK$1,099，慳錢 54 %",approved,Home Page - prepedu.com/ielts/lab,Pricing - Core plan / Price subtext,HK_Localization Feedback.csv#95,
Choose core,zh-Hant-HK,HK,選擇 Core,approved,Home Page - prepedu.com/ielts/lab,Pricing - Core plan / Button,HK_Localization Feedback.csv#96,
Unlimited Reading & Listening + mock tests,zh-Hant-HK,HK,不限次數練習閱讀及聆聽，另設模擬試卷,approved,Home Page - prepedu.com/ielts/lab,Pricing - Core plan / Feature,HK_Localization Feedback.csv#97,
8 + 8 AI Writing & Speaking reviews per month,zh-Hant-HK,HK,每月 AI 批改寫作與口語各 8 次,approved,Home Page - prepedu.com/ielts/lab,Pricing - Core plan / Feature,HK_Localization Feedback.csv#98,
RECOMMENDED,zh-Hant-HK,HK,推介,approved,Home Page - prepedu.com/ielts/lab,Pricing - Premium plan / Ribbon,HK_Localization Feedback.csv#99,
Premium,zh-Hant-HK,HK,Premium,approved,Home Page - prepedu.com/ielts/lab,Pricing - Premium plan / Plan name,HK_Localization Feedback.csv#100,
Unlimited AI feedback plus Full IELTS Video Courses from Basic to Advanced.,zh-Hant-HK,HK,不限次數 AI 評分意見，配合完整 IELTS 課程，由基礎至進階一站式掌握。,approved,Home Page - prepedu.com/ielts/lab,Pricing - Premium plan / Description,HK_Localization Feedback.csv#101,
$23.25 /mo,zh-Hant-HK,HK,HK$183.25／月,approved,Home Page - prepedu.com/ielts/lab,Pricing - Premium plan / Price,HK_Localization Feedback.csv#102,
billed $279 / year   Save 40%,zh-Hant-HK,HK,"年繳 HK$2,199，慳錢 40 %",approved,Home Page - prepedu.com/ielts/lab,Pricing - Premium plan / Price subtext,HK_Localization Feedback.csv#103,
Go Premium,zh-Hant-HK,HK,選擇 Premium,approved,Home Page - prepedu.com/ielts/lab,Pricing - Premium plan / Button,HK_Localization Feedback.csv#104,
Unlimited AI Writing & Speaking,zh-Hant-HK,HK,每月 AI 批改寫作及口語次數不限,approved,Home Page - prepedu.com/ielts/lab,Pricing - Premium plan / Feature,HK_Localization Feedback.csv#105,
"Everything in Core, unlimited",zh-Hant-HK,HK,Core 所有功能，且使用次數不限,approved,Home Page - prepedu.com/ielts/lab,Pricing - Premium plan / Feature,HK_Localization Feedback.csv#106,
Full IELTS Video Courses from Basic to Advanced,zh-Hant-HK,HK,IELTS 基礎至進階完整課程,approved,Home Page - prepedu.com/ielts/lab,Pricing - Premium plan / Feature,HK_Localization Feedback.csv#107,
Band-score guarantee,zh-Hant-HK,HK,目標分數保證,approved,Home Page - prepedu.com/ielts/lab,Pricing - Premium plan / Feature,HK_Localization Feedback.csv#108,
Compare all plans in detail,zh-Hant-HK,HK,查閱方案詳細比較,approved,Home Page - prepedu.com/ielts/lab,Pricing / Link,HK_Localization Feedback.csv#109,
Start practicing today,zh-Hant-HK,HK,今天開始練習,approved,Home Page - prepedu.com/ielts/lab,Final CTA / Headline,HK_Localization Feedback.csv#110,
"Learners practicing four times a week gain +1.7 bands in three months. Start the exam instantly, sign in when you submit. No credit card required.",zh-Hant-HK,HK,每週練習達 4 次的學員，3 個月內平均進步達 1.7 分以上。即時開始測試，於提交答案時登入帳戶即可，毋須信用卡。,approved,Home Page - prepedu.com/ielts/lab,Final CTA / Body text,HK_Localization Feedback.csv#111,
Start practicing now,zh-Hant-HK,HK,立即開始練習,approved,Home Page - prepedu.com/ielts/lab,Final CTA / Button,HK_Localization Feedback.csv#112,
HSK (Chinese),zh-Hant-HK,HK,HSK,approved,Home Page - prepedu.com/ielts/lab,Footer - Programs / Link,HK_Localization Feedback.csv#121,"This should not be shown. Since this product hasn't been localised and hasn't undergone any local user testing by our locale, I'm not sure whether it affects the user experience, and in turn affects users' perception of the IELTS and TOEIC products."
PrepTalk English,zh-Hant-HK,HK,PrepTalk English,approved,Home Page - prepedu.com/ielts/lab,Footer - Programs / Link,HK_Localization Feedback.csv#122,
"Practice Reading & Listening for free, and get AI feedback on Writing & Speaking. Cancel anytime.",zh-Hant-HK,HK,免費練習閱讀及聆聽，並可獲得 AI 批改寫作與口語評分，可隨時取消。,approved,Pricing Page - prepedu.com/ielts/lab/pricing,"Pricing (giống Home) / Subheading (MỚI, chỉ có ở trang Pricing)",HK_Localization Feedback.csv#138,
What changes as you move up,zh-Hant-HK,HK,升級方案，可獲得什麼？,approved,Pricing Page - prepedu.com/ielts/lab/pricing,Comparison table / Headline,HK_Localization Feedback.csv#139,
"The bigger your target band, the more AI feedback you need.",zh-Hant-HK,HK,目標分數愈高，愈需要精準的 AI 評分回饋,approved,Pricing Page - prepedu.com/ielts/lab/pricing,Comparison table / Subheading,HK_Localization Feedback.csv#140,
Free,zh-Hant-HK,HK,Free,approved,Pricing Page - prepedu.com/ielts/lab/pricing,Comparison table / Column header,HK_Localization Feedback.csv#141,
Core,zh-Hant-HK,HK,Core,approved,Pricing Page - prepedu.com/ielts/lab/pricing,Comparison table / Column header,HK_Localization Feedback.csv#142,
Premium,zh-Hant-HK,HK,Premium,approved,Pricing Page - prepedu.com/ielts/lab/pricing,Comparison table / Column header,HK_Localization Feedback.csv#143,
AI Writing & Speaking Scoring + Feedback,zh-Hant-HK,HK,寫作與口語的 AI 評分及建議,approved,Pricing Page - prepedu.com/ielts/lab/pricing,Comparison table / Row 1 - Feature title,HK_Localization Feedback.csv#144,
Scored like a real examiner with 12 dimensions of feedback,zh-Hant-HK,HK,比照真人考官標準，提供 12 項評分範疇之詳細意見,approved,Pricing Page - prepedu.com/ielts/lab/pricing,Comparison table / Row 1 - Feature desc,HK_Localization Feedback.csv#145,
1 + 1,zh-Hant-HK,HK,1 + 1,approved,Pricing Page - prepedu.com/ielts/lab/pricing,Comparison table / Row 1 - Free value,HK_Localization Feedback.csv#146,
8 + 8,zh-Hant-HK,HK,8 + 8,approved,Pricing Page - prepedu.com/ielts/lab/pricing,Comparison table / Row 1 - Core value,HK_Localization Feedback.csv#147,
Unlimited,zh-Hant-HK,HK,不限次數,approved,Pricing Page - prepedu.com/ielts/lab/pricing,Comparison table / Row 1 - Premium value,HK_Localization Feedback.csv#148,
Reading & Listening Practice,zh-Hant-HK,HK,閱讀與聆聽練習,approved,Pricing Page - prepedu.com/ielts/lab/pricing,Comparison table / Row 2 - Feature title,HK_Localization Feedback.csv#149,
Drills with instant scoring & evidence,zh-Hant-HK,HK,即時評分，並附答案與解題分析,approved,Pricing Page - prepedu.com/ielts/lab/pricing,Comparison table / Row 2 - Feature desc,HK_Localization Feedback.csv#150,
Limited,zh-Hant-HK,HK,有限次數,approved,Pricing Page - prepedu.com/ielts/lab/pricing,Comparison table / Row 2 - Free value,HK_Localization Feedback.csv#151,
Unlimited,zh-Hant-HK,HK,不限次數,approved,Pricing Page - prepedu.com/ielts/lab/pricing,Comparison table / Row 2 - Core value,HK_Localization Feedback.csv#152,
Unlimited,zh-Hant-HK,HK,不限次數,approved,Pricing Page - prepedu.com/ielts/lab/pricing,Comparison table / Row 2 - Premium value,HK_Localization Feedback.csv#153,
Daily Goals & Progress Tracking,zh-Hant-HK,HK,每日目標設定與進度追蹤,approved,Pricing Page - prepedu.com/ielts/lab/pricing,Comparison table / Row 3 - Feature title,HK_Localization Feedback.csv#154,
Stay consistent with daily targets & progress insights,zh-Hant-HK,HK,每日目標及進度追蹤，穩定養成學習習慣,approved,Pricing Page - prepedu.com/ielts/lab/pricing,Comparison table / Row 3 - Feature desc,HK_Localization Feedback.csv#155,
Expert-Curated Test Library,zh-Hant-HK,HK,專家精選題庫資源,approved,Pricing Page - prepedu.com/ielts/lab/pricing,Comparison table / Row 4 - Feature title,HK_Localization Feedback.csv#156,
"100+ predicted & trending tests, updated quarterly",zh-Hant-HK,HK,超過 100 份預測及熱門試題，每季更新,approved,Pricing Page - prepedu.com/ielts/lab/pricing,Comparison table / Row 4 - Feature desc,HK_Localization Feedback.csv#157,
Personalized Study Plan,zh-Hant-HK,HK,個人化學習計劃,approved,Pricing Page - prepedu.com/ielts/lab/pricing,Comparison table / Row 5 - Feature title,HK_Localization Feedback.csv#158,
Tailored learning path based on your target band,zh-Hant-HK,HK,按目標分數度身訂造專屬學習路徑,approved,Pricing Page - prepedu.com/ielts/lab/pricing,Comparison table / Row 5 - Feature desc,HK_Localization Feedback.csv#159,
Full IELTS Video Course (Band 4.0 - 7.0+),zh-Hant-HK,HK,IELTS 完整課程（適合 4.0 - 7.0 分或以上）,approved,Pricing Page - prepedu.com/ielts/lab/pricing,Comparison table / Row 6 - Feature title,HK_Localization Feedback.csv#160,
Learn & review fundamentals anytime,zh-Hant-HK,HK,隨時溫習基礎概念，鞏固學習根基,approved,Pricing Page - prepedu.com/ielts/lab/pricing,Comparison table / Row 6 - Feature desc,HK_Localization Feedback.csv#161,
Lifetime on annual,zh-Hant-HK,HK,永久權限,approved,Pricing Page - prepedu.com/ielts/lab/pricing,Comparison table / Row 6 - Premium value,HK_Localization Feedback.csv#162,"These are CN for every plan about ""access to our course""

For monthly -
限期權限

For quarterly -
限期權限

For yearly -
永久權限"
Band-Score Guarantee,zh-Hant-HK,HK,目標分數保證,approved,Pricing Page - prepedu.com/ielts/lab/pricing,Comparison table / Row 7 - Feature title,HK_Localization Feedback.csv#163,
Hit your target band or your money back*,zh-Hant-HK,HK,未達目標分數，享退費保障*,approved,Pricing Page - prepedu.com/ielts/lab/pricing,Comparison table / Row 7 - Feature desc,HK_Localization Feedback.csv#164,
Annual,zh-Hant-HK,HK,年繳,approved,Pricing Page - prepedu.com/ielts/lab/pricing,Comparison table / Row 7 - Premium value,HK_Localization Feedback.csv#165,
Support,zh-Hant-HK,HK,學員服務支援,approved,Pricing Page - prepedu.com/ielts/lab/pricing,Comparison table / Row 8 - Feature title,HK_Localization Feedback.csv#166,
Help when you get stuck,zh-Hant-HK,HK,隨時提供協助,approved,Pricing Page - prepedu.com/ielts/lab/pricing,Comparison table / Row 8 - Feature desc,HK_Localization Feedback.csv#167,
Email,zh-Hant-HK,HK,電郵,approved,Pricing Page - prepedu.com/ielts/lab/pricing,Comparison table / Row 8 - Free/Core value,HK_Localization Feedback.csv#168,
Priority,zh-Hant-HK,HK,優先服務,approved,Pricing Page - prepedu.com/ielts/lab/pricing,Comparison table / Row 8 - Premium value,HK_Localization Feedback.csv#169,
"Built by examiners, academic experts & 9.0 scorers",zh-Hant-HK,HK,團隊由考官、學術專家及 9.0 滿分顧問共同組成,approved,Pricing Page - prepedu.com/ielts/lab/pricing,Team section / Headline,HK_Localization Feedback.csv#170,
The academic team training our AI to score with real-examiner precision,zh-Hant-HK,HK,專業學術團隊訓練 AI 評分系統，確保評分準確度貼近真人考官水準。,approved,Pricing Page - prepedu.com/ielts/lab/pricing,Team section / Subheading,HK_Localization Feedback.csv#171,
Trang Trương,zh-Hant-HK,HK,Trang Trương,approved,Pricing Page - prepedu.com/ielts/lab/pricing,Team section / Member 1 - Name,HK_Localization Feedback.csv#172,
IELTS 8.0 · 8.0 Speaking,zh-Hant-HK,HK,IELTS 總分 8.0，口語 8.0,approved,Pricing Page - prepedu.com/ielts/lab/pricing,Team section / Member 1 - Tag,HK_Localization Feedback.csv#173,
Leads Speaking · exam-room reflex training.,zh-Hant-HK,HK,負責口語教學及應考臨場訓練,approved,Pricing Page - prepedu.com/ielts/lab/pricing,Team section / Member 1 - Bio,HK_Localization Feedback.csv#174,
Jackson Howard,zh-Hant-HK,HK,Jackson Howard,approved,Pricing Page - prepedu.com/ielts/lab/pricing,Team section / Member 2 - Name,HK_Localization Feedback.csv#175,
Former IELTS examiner,zh-Hant-HK,HK,前 IELTS 考官,approved,Pricing Page - prepedu.com/ielts/lab/pricing,Team section / Member 2 - Tag,HK_Localization Feedback.csv#176,
Writing & Speaking advisor · band-descriptor standards.,zh-Hant-HK,HK,寫作及口語顧問，專精 IELTS 評分標準。,approved,Pricing Page - prepedu.com/ielts/lab/pricing,Team section / Member 2 - Bio,HK_Localization Feedback.csv#177,
Paul Varrah,zh-Hant-HK,HK,Paul Varrah,approved,Pricing Page - prepedu.com/ielts/lab/pricing,Team section / Member 3 - Name,HK_Localization Feedback.csv#178,
Native speaker,zh-Hant-HK,HK,英語母語人士,approved,Pricing Page - prepedu.com/ielts/lab/pricing,Team section / Member 3 - Tag,HK_Localization Feedback.csv#179,
Pronunciation & natural fluency coaching.,zh-Hant-HK,HK,負責發音與流暢度指導。,approved,Pricing Page - prepedu.com/ielts/lab/pricing,Team section / Member 3 - Bio,HK_Localization Feedback.csv#180,
Trung Đức,zh-Hant-HK,HK,Trung Duc,approved,Pricing Page - prepedu.com/ielts/lab/pricing,Team section / Member 4 - Name,HK_Localization Feedback.csv#181,
IELTS 9.0,zh-Hant-HK,HK,IELTS 9.0 滿分,approved,Pricing Page - prepedu.com/ielts/lab/pricing,Team section / Member 4 - Tag,HK_Localization Feedback.csv#182,
Curriculum lead · Prep Evaluator AI advisor.,zh-Hant-HK,HK,課程負責人・Prep AI 顧問,approved,Pricing Page - prepedu.com/ielts/lab/pricing,Team section / Member 4 - Bio,HK_Localization Feedback.csv#183,
Frequently asked questions,zh-Hant-HK,HK,常見問題,approved,Pricing Page - prepedu.com/ielts/lab/pricing,FAQ / Headline,HK_Localization Feedback.csv#184,
Do I need an account to try it?,zh-Hant-HK,HK,體驗需要註冊帳戶嗎？,approved,Pricing Page - prepedu.com/ielts/lab/pricing,FAQ / Q1,HK_Localization Feedback.csv#185,
No. You can start practicing instantly. Just sign in (it's free) whenever you want to view your AI score and save your progress.,zh-Hant-HK,HK,毋須。學員可即時開始練習，只有於查閱 AI 評分結果或儲存學習進度時，方需註冊及登入帳戶（註冊及登入均為免費）。,approved,Pricing Page - prepedu.com/ielts/lab/pricing,FAQ / A1,HK_Localization Feedback.csv#186,
What do I get for free?,zh-Hant-HK,HK,免費方案可獲得什麼？,approved,Pricing Page - prepedu.com/ielts/lab/pricing,FAQ / Q2,HK_Localization Feedback.csv#187,
One Speaking test and one Writing test every month — enough to experience our examiner-standard AI feedback before upgrading. No credit card required.,zh-Hant-HK,HK,每月提供口語測試及寫作測試各 1 次，免費體驗考官級 AI 評分回饋，學員可藉此決定是否升級方案。整個體驗過程毋須信用卡。,approved,Pricing Page - prepedu.com/ielts/lab/pricing,FAQ / A2,HK_Localization Feedback.csv#188,
What's the difference between Core and Premium?,zh-Hant-HK,HK,Core 與 Premium 有何分別？,approved,Pricing Page - prepedu.com/ielts/lab/pricing,FAQ / Q3,HK_Localization Feedback.csv#189,
Core includes 8 Speaking and 8 Writing tests monthly (2 tasks/week). Credits reset every month and don't roll over. Premium offers unlimited practice and full course access. Neither plan auto-renews.,zh-Hant-HK,HK,Core 方案每月提供口語及寫作測試各 8 次（相當於每週 2 次），配額每月重置，不設累積；Premium 方案則提供不限次數練習及完整課程權限。兩項方案均不設自動續訂。,approved,Pricing Page - prepedu.com/ielts/lab/pricing,FAQ / A3,HK_Localization Feedback.csv#190,
How accurate is the AI scoring?,zh-Hant-HK,HK,AI 評分準確嗎？,approved,Pricing Page - prepedu.com/ielts/lab/pricing,FAQ / Q4,HK_Localization Feedback.csv#191,
"Our AI is trained on official scoring criteria, delivering feedback that closely matches real examiners. Use it to track progress and fix mistakes, rather than predicting your exact test score.",zh-Hant-HK,HK,系統依據官方評分標準訓練而成，評分結果與真人考官高度吻合。建議學員將其作為追蹤學習進度、修正錯誤之工具，而非用作精準預測實際考試成績之依據。,approved,Pricing Page - prepedu.com/ielts/lab/pricing,FAQ / A4,HK_Localization Feedback.csv#192,
Free trial attempt,zh-Hant-HK,HK,免費體驗 Prep AI,approved,Free Trial Page - prepedu.com/ielts/lab/trial,Free trial - Recording step / Headline,HK_Localization Feedback.csv#193,
Submit your response and see exactly how our AI grades you,zh-Hant-HK,HK,提交答案，即時查閱評分結果,approved,Free Trial Page - prepedu.com/ielts/lab/trial,Free trial - Recording step / Subheading,HK_Localization Feedback.csv#194,
Virtual Speaking Room,zh-Hant-HK,HK,線上口語練習室,approved,Free Trial Page - prepedu.com/ielts/lab/trial,Free trial - Recording step / Tab (active),HK_Localization Feedback.csv#195,
Virtual Writing Room,zh-Hant-HK,HK,線上寫作練習室,approved,Free Trial Page - prepedu.com/ielts/lab/trial,Free trial - Recording step / Tab (inactive),HK_Localization Feedback.csv#196,
Part 1,zh-Hant-HK,HK,口語 Part 1,approved,Free Trial Page - prepedu.com/ielts/lab/trial,Free trial - Recording step / Part label,HK_Localization Feedback.csv#197,
Press to start recording,zh-Hant-HK,HK,按下開始錄音,approved,Free Trial Page - prepedu.com/ielts/lab/trial,Free trial - Recording step / Button (ghi âm),HK_Localization Feedback.csv#198,
Your answer,zh-Hant-HK,HK,你的答案,approved,Free Trial Page - prepedu.com/ielts/lab/trial,Free trial - Review step / Section label,HK_Localization Feedback.csv#199,
Try again,zh-Hant-HK,HK,再試一次,approved,Free Trial Page - prepedu.com/ielts/lab/trial,Free trial - Review step / Button,HK_Localization Feedback.csv#200,
Submit - AI scores now,zh-Hant-HK,HK,送出答案，即時取得 AI 評分,approved,Free Trial Page - prepedu.com/ielts/lab/trial,Free trial - Review step / Button,HK_Localization Feedback.csv#201,
Result,zh-Hant-HK,HK,評估結果,approved,Free Trial Page - prepedu.com/ielts/lab/trial,Free trial - Result / Page heading,HK_Localization Feedback.csv#202,
Congratulations!,zh-Hant-HK,HK,恭喜你！,approved,Free Trial Page - prepedu.com/ielts/lab/trial,Free trial - Result / Headline,HK_Localization Feedback.csv#203,
Your AI score is ready!,zh-Hant-HK,HK,你的 AI 評分已完成！,approved,Free Trial Page - prepedu.com/ielts/lab/trial,Free trial - Result / Subheading,HK_Localization Feedback.csv#204,
This is a quick estimate from our light AI. Sign in and take a full test to get detailed scoring from our full examiner AI.,zh-Hant-HK,HK,這是由 AI 提供的即時初步評分。登入後完成一次完整測試，即可查看更詳細的評分結果，並由考官級 AI 為你作完整分析。,approved,Free Trial Page - prepedu.com/ielts/lab/trial,Free trial - Result / Body text,HK_Localization Feedback.csv#205,
Estimate score,zh-Hant-HK,HK,預估分數,approved,Free Trial Page - prepedu.com/ielts/lab/trial,Free trial - Result / Label,HK_Localization Feedback.csv#206,
Detail result,zh-Hant-HK,HK,詳細評分結果,approved,Free Trial Page - prepedu.com/ielts/lab/trial,Free trial - Result / Label,HK_Localization Feedback.csv#207,
Pronunciation,zh-Hant-HK,HK,Pronunciation,approved,Free Trial Page - prepedu.com/ielts/lab/trial,Free trial - Result / Criterion label,HK_Localization Feedback.csv#208,
Fluency and Coherence,zh-Hant-HK,HK,Fluency and Coherence,approved,Free Trial Page - prepedu.com/ielts/lab/trial,Free trial - Result / Criterion label,HK_Localization Feedback.csv#209,
Lexical Resource,zh-Hant-HK,HK,Lexical Resource,approved,Free Trial Page - prepedu.com/ielts/lab/trial,Free trial - Result / Criterion label,HK_Localization Feedback.csv#210,
Grammatical Range and Accuracy,zh-Hant-HK,HK,Grammatical Range and Accuracy,approved,Free Trial Page - prepedu.com/ielts/lab/trial,Free trial - Result / Criterion label,HK_Localization Feedback.csv#211,
Where you stand,zh-Hant-HK,HK,你的表現,approved,Free Trial Page - prepedu.com/ielts/lab/trial,Free trial - Result / Label,HK_Localization Feedback.csv#212,
You scored higher than 95% of learners who tried this question.,zh-Hant-HK,HK,你的答題表現優於 95% 曾作答此題的學員。,approved,Free Trial Page - prepedu.com/ielts/lab/trial,Free trial - Result / Body text (có % động),HK_Localization Feedback.csv#213,
Take the full IELTS test,zh-Hant-HK,HK,開始完整 IELTS 測試,approved,Free Trial Page - prepedu.com/ielts/lab/trial,Free trial - Result / Button,HK_Localization Feedback.csv#214,
Login,zh-Hant-HK,HK,登入,approved,Dashboard (Guest) - prepedu.com/ielts/lab/dashboard,Header/Nav / Button (guest mode),HK_Localization Feedback.csv#215,
EXPERT-CURATED EXAM LIBRARY,zh-Hant-HK,HK,專家精選題庫資源,approved,Dashboard (Guest) - prepedu.com/ielts/lab/dashboard,Dashboard - Intro / Badge/Pill,HK_Localization Feedback.csv#216,
Practice the latest exam trends and your weak question types,zh-Hant-HK,HK,掌握最新考試趨勢，針對弱項題型加強練習。,approved,Dashboard (Guest) - prepedu.com/ielts/lab/dashboard,Dashboard - Intro / Headline,HK_Localization Feedback.csv#217,
Quick virtual room test,zh-Hant-HK,HK,線上練習室快速練習,approved,Dashboard (Guest) - prepedu.com/ielts/lab/dashboard,Dashboard - Quick test / Section label,HK_Localization Feedback.csv#218,
Speaking,zh-Hant-HK,HK,口語,approved,Dashboard (Guest) - prepedu.com/ielts/lab/dashboard,Dashboard - Quick test / Card label,HK_Localization Feedback.csv#219,
Score: 6.5,zh-Hant-HK,HK,成績：6.5,approved,Dashboard (Guest) - prepedu.com/ielts/lab/dashboard,Dashboard - Quick test / Card meta (động),HK_Localization Feedback.csv#220,
Retest,zh-Hant-HK,HK,重新測試,approved,Dashboard (Guest) - prepedu.com/ielts/lab/dashboard,Dashboard - Quick test / Button,HK_Localization Feedback.csv#221,
Writing,zh-Hant-HK,HK,寫作,approved,Dashboard (Guest) - prepedu.com/ielts/lab/dashboard,Dashboard - Quick test / Card label,HK_Localization Feedback.csv#222,
Answer 1 question · AI scores you in seconds,zh-Hant-HK,HK,回答 1 題，AI 只需數秒即可為你快速評分,approved,Dashboard (Guest) - prepedu.com/ielts/lab/dashboard,Dashboard - Quick test / Card body,HK_Localization Feedback.csv#223,
Start,zh-Hant-HK,HK,開始測試,approved,Dashboard (Guest) - prepedu.com/ielts/lab/dashboard,Dashboard - Quick test / Button,HK_Localization Feedback.csv#224,
Unlimited Examiner-Standard AI Feedback,zh-Hant-HK,HK,不限次數考官標準 AI 意見,approved,Dashboard (Guest) - prepedu.com/ielts/lab/dashboard,Dashboard - Upsell banner / Headline,HK_Localization Feedback.csv#225,
One free test isn't enough to build a habit. Practice Speaking & Writing daily to boost your band with every attempt,zh-Hant-HK,HK,單次免費測試不足以養成習慣，每日練習口語及寫作，藉每次練習提升你的分數。,approved,Dashboard (Guest) - prepedu.com/ielts/lab/dashboard,Dashboard - Upsell banner / Body text,HK_Localization Feedback.csv#226,
AI Writing & Speaking reviews,zh-Hant-HK,HK,寫作及口語 AI 評分,approved,Dashboard (Guest) - prepedu.com/ielts/lab/dashboard,Dashboard - Upsell banner / Bullet,HK_Localization Feedback.csv#227,
Full IELTS course + band-score guarantee,zh-Hant-HK,HK,IELTS 完整課程及目標分數保證,approved,Dashboard (Guest) - prepedu.com/ielts/lab/dashboard,Dashboard - Upsell banner / Bullet,HK_Localization Feedback.csv#228,
Go Premium,zh-Hant-HK,HK,升級至 Premium,approved,Dashboard (Guest) - prepedu.com/ielts/lab/dashboard,Dashboard - Upsell banner / Button,HK_Localization Feedback.csv#229,
View demo result,zh-Hant-HK,HK,查看評分範例,approved,Dashboard (Guest) - prepedu.com/ielts/lab/dashboard,Dashboard - Upsell banner / Button,HK_Localization Feedback.csv#230,
Explore more tests,zh-Hant-HK,HK,探索更多模擬測試,approved,Dashboard (Guest) - prepedu.com/ielts/lab/dashboard,Dashboard - Explore tests / Section heading,HK_Localization Feedback.csv#231,
Test library,zh-Hant-HK,HK,題庫資源,approved,Dashboard (Guest) - prepedu.com/ielts/lab/dashboard,Dashboard - Explore tests / View toggle,HK_Localization Feedback.csv#232,
Practice by type,zh-Hant-HK,HK,按題型練習,approved,Dashboard (Guest) - prepedu.com/ielts/lab/dashboard,Dashboard - Explore tests / View toggle,HK_Localization Feedback.csv#233,
All tests,zh-Hant-HK,HK,所有測試,approved,Dashboard (Guest) - prepedu.com/ielts/lab/dashboard,Dashboard - Explore tests / Filter tab,HK_Localization Feedback.csv#234,
Listening,zh-Hant-HK,HK,聆聽,approved,Dashboard (Guest) - prepedu.com/ielts/lab/dashboard,Dashboard - Explore tests / Filter tab,HK_Localization Feedback.csv#235,
Reading,zh-Hant-HK,HK,閱讀,approved,Dashboard (Guest) - prepedu.com/ielts/lab/dashboard,Dashboard - Explore tests / Filter tab,HK_Localization Feedback.csv#236,
Writing,zh-Hant-HK,HK,寫作,approved,Dashboard (Guest) - prepedu.com/ielts/lab/dashboard,Dashboard - Explore tests / Filter tab,HK_Localization Feedback.csv#237,
Speaking,zh-Hant-HK,HK,口語,approved,Dashboard (Guest) - prepedu.com/ielts/lab/dashboard,Dashboard - Explore tests / Filter tab,HK_Localization Feedback.csv#238,
Hot,zh-Hant-HK,HK,熱門,approved,Dashboard (Guest) - prepedu.com/ielts/lab/dashboard,Dashboard - Explore tests / Filter tab,HK_Localization Feedback.csv#239,
Forecast,zh-Hant-HK,HK,預測,approved,Dashboard (Guest) - prepedu.com/ielts/lab/dashboard,Dashboard - Explore tests / Filter tab,HK_Localization Feedback.csv#240,
Pro,zh-Hant-HK,HK,專業,approved,Dashboard (Guest) - prepedu.com/ielts/lab/dashboard,Dashboard - Explore tests / Plan filter,HK_Localization Feedback.csv#241,
Free,zh-Hant-HK,HK,免費,approved,Dashboard (Guest) - prepedu.com/ielts/lab/dashboard,Dashboard - Explore tests / Plan filter,HK_Localization Feedback.csv#242,
Search for tests,zh-Hant-HK,HK,搜尋模擬測試,approved,Dashboard (Guest) - prepedu.com/ielts/lab/dashboard,Dashboard - Explore tests / Search placeholder,HK_Localization Feedback.csv#243,
View detail,zh-Hant-HK,HK,查閱詳細資訊,approved,Dashboard (Guest) - prepedu.com/ielts/lab/dashboard,Dashboard - Explore tests / Card link,HK_Localization Feedback.csv#244,
48 tests,zh-Hant-HK,HK,48 份模擬測試,approved,Dashboard (Guest) - prepedu.com/ielts/lab/dashboard,"Dashboard - Explore tests / Card meta (động, template)",HK_Localization Feedback.csv#245,
4 skills,zh-Hant-HK,HK,四項技能,approved,Dashboard (Guest) - prepedu.com/ielts/lab/dashboard,"Dashboard - Explore tests / Card meta (động, template)",HK_Localization Feedback.csv#246,
1 of 12,zh-Hant-HK,HK,1 / 12,approved,Dashboard (Guest) - prepedu.com/ielts/lab/dashboard,"Dashboard - Explore tests / Pagination (động, template)",HK_Localization Feedback.csv#247,
Showing 1-9 of 22,zh-Hant-HK,HK,顯示第 1–9 項，共 22 項,approved,Dashboard (Guest) - prepedu.com/ielts/lab/dashboard,"Dashboard - Explore tests / Pagination (động, template)",HK_Localization Feedback.csv#248,
My dashboard,zh-Hant-HK,HK,我的學習中心,approved,Dashboard (Free account) - prepedu.com/ielts/lab/dashboard,Header/Nav / Breadcrumb,HK_Localization Feedback.csv#250,
My course,zh-Hant-HK,HK,我的課程,approved,Dashboard (Free account) - prepedu.com/ielts/lab/dashboard,Header/Nav / Button,HK_Localization Feedback.csv#251,
Unlimited virtual room analyses,zh-Hant-HK,HK,不限次數 AI 分析,approved,Dashboard (Free account) - prepedu.com/ielts/lab/dashboard,Header/Nav / Button (upsell),HK_Localization Feedback.csv#252,
Premium,zh-Hant-HK,HK,Premium,approved,Dashboard (Free account) - prepedu.com/ielts/lab/dashboard,Dashboard - Hero card / Plan badge (động),HK_Localization Feedback.csv#253,
Expiration date 14/09/2027,zh-Hant-HK,HK,會員到期日： 2027/09/14,approved,Dashboard (Free account) - prepedu.com/ielts/lab/dashboard,Dashboard - Hero card / Text (động),HK_Localization Feedback.csv#254,
Let's move closer to your target today,zh-Hant-HK,HK,今天就讓我們更接近你的目標,approved,Dashboard (Free account) - prepedu.com/ielts/lab/dashboard,Dashboard - Hero card / Headline,HK_Localization Feedback.csv#255,
You're on Premium — enjoy,zh-Hant-HK,HK,你目前為 Premium 方案，請盡情使用！,approved,Dashboard (Free account) - prepedu.com/ielts/lab/dashboard,Dashboard - Hero card / Subtext (động theo gói),HK_Localization Feedback.csv#256,
Expected test date 31/12/2026,zh-Hant-HK,HK,預計考試日期：2026/12/31,approved,Dashboard (Free account) - prepedu.com/ielts/lab/dashboard,Dashboard - Hero card / Label (động),HK_Localization Feedback.csv#257,
View practice profile,zh-Hant-HK,HK,查看你的學習檔案,approved,Dashboard (Free account) - prepedu.com/ielts/lab/dashboard,Dashboard - Hero card / Link,HK_Localization Feedback.csv#258,
Your IELTS level,zh-Hant-HK,HK,你的 IELTS 程度,approved,Dashboard (Free account) - prepedu.com/ielts/lab/dashboard,Dashboard - Hero card / Label,HK_Localization Feedback.csv#259,
Edit goals,zh-Hant-HK,HK,編輯你的目標分數,approved,Dashboard (Free account) - prepedu.com/ielts/lab/dashboard,Dashboard - Hero card / Link/Button,HK_Localization Feedback.csv#260,
Entry level,zh-Hant-HK,HK,起始程度,approved,Dashboard (Free account) - prepedu.com/ielts/lab/dashboard,Dashboard - Hero card / Metric label,HK_Localization Feedback.csv#261,
Predicted,zh-Hant-HK,HK,預估分數,approved,Dashboard (Free account) - prepedu.com/ielts/lab/dashboard,Dashboard - Hero card / Metric label,HK_Localization Feedback.csv#262,
Target level,zh-Hant-HK,HK,目標分數,approved,Dashboard (Free account) - prepedu.com/ielts/lab/dashboard,Dashboard - Hero card / Metric label,HK_Localization Feedback.csv#263,
Recommended for you,zh-Hant-HK,HK,為你推薦,approved,Dashboard (Free account) - prepedu.com/ielts/lab/dashboard,Dashboard - Recommended banner / Section label,HK_Localization Feedback.csv#264,
Based on your progress,zh-Hant-HK,HK,根據你的學習進度,approved,Dashboard (Free account) - prepedu.com/ielts/lab/dashboard,Dashboard - Recommended banner / Subtext,HK_Localization Feedback.csv#265,
In progress,zh-Hant-HK,HK,進行中,approved,Dashboard (Free account) - prepedu.com/ielts/lab/dashboard,Dashboard - Recommended banner / Status tag,HK_Localization Feedback.csv#266,
Continue,zh-Hant-HK,HK,繼續練習,approved,Dashboard (Free account) - prepedu.com/ielts/lab/dashboard,Dashboard - Recommended banner / Button,HK_Localization Feedback.csv#267,
Exam Library,ko,KR,시험 자료실,approved,Home Page - prepedu.com/ielts/lab,Header/Nav / Menu item,KR_Localization feedback.csv#3,AI draft rejected: 시험 라이브러리
Find out exactly why your,ko,KR,"내 IELTS 점수,",approved,Home Page - prepedu.com/ielts/lab,Hero / Headline (line 1),KR_Localization feedback.csv#4,AI draft rejected: IELTS 시험관 수준의 피드백
IELTS band is stuck,ko,KR,왜 안오르는지 정확히 알려드립니다.,approved,Home Page - prepedu.com/ielts/lab,"Hero / Headline (line 2, highlighted)",KR_Localization feedback.csv#5,
"Prep AI marks to examiner-standard, calibrated on 18M+ real answers, validated by a former IELTS examiner and a 9.0-band team.",ko,KR,"Prep AI는 1,800만 개 이상의 실제 답안을 기반으로 정교하게 보정되었으며, 전직 IELTS 시험관과 IELTS 만점자(9.0) 팀의 검증을 거쳐 시험관 수준으로 채점합니다.",approved,Home Page - prepedu.com/ielts/lab,Hero / Subheading,KR_Localization feedback.csv#6,"AI draft rejected: Prep AI는 1,800만 개 이상의 실제 답변을 바탕으로 보정되었으며, 전직 IELTS 시험관과 9.0 밴드 팀의 검증을 거쳐 시험관 수준으로 채점합니다."
Free Speaking & Writing Test,ko,KR,AI 가상 시험장 체험하기,approved,Home Page - prepedu.com/ielts/lab,Hero / CTA button,KR_Localization feedback.csv#7,AI draft rejected: 가상 시험장 체험하기
See the exact sentences costing you bands,ko,KR,"PREP AI의 피드백으로, 내 답변의 감점 요인을 확인해보세요",approved,Home Page - prepedu.com/ielts/lab,Feature - Virtual Rooms / Headline,KR_Localization feedback.csv#8,AI draft rejected: Prep AI가 실제 시험관처럼 일관되게 여러분의 스피킹과 라이팅을 어떻게 채점하는지 정확히 확인해 보세요
Lexical Resources,ko,KR,어휘 사용 능력,approved,Home Page - prepedu.com/ielts/lab, / ,KR_Localization feedback.csv#9,AI draft rejected: 어휘 자원
"A clear path from diagnostic to exam day, powered by examiner-standard AI.",ko,KR,"실력 진단부터 실전 시험까지, 시험관 수준 AI가 제시하는 명확한 학습 경로",approved,Home Page - prepedu.com/ielts/lab,How It Works / Subheading,KR_Localization feedback.csv#10,AI draft rejected: 시험관 수준의 AI가 제공하는 진단부터 시험일까지의 명확한 학습 경로.
Practice All 4 Skills,ko,KR,4가지 영역 모두 연습,approved,Home Page - prepedu.com/ielts/lab,How It Works / Step 1 - Title,KR_Localization feedback.csv#11,AI draft rejected: 연습 4가지 영역 모두
"Listening, Reading, Writing and Speaking. Every question type on the exam, built by IELTS experts and refreshed each quarter, so you're never practicing on outdated material.",ko,KR,"리스닝, 리딩, 라이팅, 스피킹까지, 실제 시험의 모든 문제 유형을 연습할 수 있습니다. IELTS 전문가가 출제하고 분기마다 새롭게 업데이트되어, 오래된 자료로 연습할 일이 없습니다.",approved,Home Page - prepedu.com/ielts/lab,How It Works / Step 1 - Body,KR_Localization feedback.csv#12,"AI draft rejected: 리스닝, 리딩, 라이팅, 스피킹. IELTS 전문가들이 출제하고 분기마다 업데이트되는 시험의 모든 문제 유형을 통해 시대에 뒤떨어진 자료로 연습하는 일이 없도록 합니다."
"Every attempt marked against each band descriptor, as consistently as a human examiner. Prep AI remembers your errors across attempts, so you'll know what's really costing you bands.",ko,KR,"모든 스피킹 및 라이팅 답안은 실제 시험관처럼 일관되게 각 밴드 평가 기준에 따라 채점되며, 리딩 및 리스닝 답안은 근거와 함께 설명됩니다. Prep AI는 답안을 제출할 때마다 반복되는 실수를 기억해, 정확히 어떤 부분에서 감점되는지 알려줍니다.",approved,Home Page - prepedu.com/ielts/lab,How It Works / Step 2 - Body,KR_Localization feedback.csv#13,AI draft rejected: 모든 스피킹 및 라이팅 시도는 실제 시험관처럼 일관되게 각 밴드 평가 기준에 따라 채점됩니다. 모든 리딩 및 리스닝 답은 근거와 함께 설명됩니다.
"See Your Mistakes, Fix Them, Then Try Again",ko,KR,"내 실수를 확인하고, 고치고, 다시 도전하기",approved,Home Page - prepedu.com/ielts/lab,How It Works / Step 3 - Title,KR_Localization feedback.csv#14,"AI draft rejected: 실수 확인하고, 고치고, 다시 도전하기"
EXPERT-CURATED EXAM LIBRARY,ko,KR,전문가가 엄선한 시험 자료실,approved,Home Page - prepedu.com/ielts/lab,Exam Library / Badge/Pill,KR_Localization feedback.csv#15,AI draft rejected: 전문가가 엄선한 시험 라이브러리
"Real learners, real band jumps",ko,KR,"실제 학습자, 실제 점수 상승",approved,Home Page - prepedu.com/ielts/lab,Proven Results / Testimonials / Headline,KR_Localization feedback.csv#16,"AI draft rejected: 실제 학습자, 실제 밴드 점수 향상"
Learners practicing with Prepedu 4 times a week gain an average of +1.7 bands in 3 months,ko,KR,"일주일에 4번, Prepedu로 꾸준히 연습하면, 3개월 만에 평균 +1.7밴드가 오릅니다.",approved,Home Page - prepedu.com/ielts/lab,Proven Results / Testimonials / Subheading,KR_Localization feedback.csv#17,AI draft rejected: 주 4회 Prepedu로 연습하는 학습자는 3개월 만에 평균 +1.7 밴드 점수를 향상합니다.
Achieved 7.5,ko,KR,7.5 달성,approved,Home Page - prepedu.com/ielts/lab,Proven Results / Testimonials / Card 1 - Title,KR_Localization feedback.csv#18,AI draft rejected: 달성 7.5
"""What I liked most was the Virtual Writing Room - it pointed out my weaknesses and gave clear, actionable guidance on how to improve.""",ko,KR,"""가장 마음에 들었던 건 Virtual Writing Room이었어요. 제 약점을 정확히 짚어주고, 어떻게 개선해야 할지 구체적인 조언과 피드백을 줬거든요.""",approved,Home Page - prepedu.com/ielts/lab,Proven Results / Testimonials / Card 1 - Quote,KR_Localization feedback.csv#19,AI draft rejected: “가장 마음에 들었던 점은 Virtual Writing Room이었습니다. 제 약점을 지적해주고 실력을 향상시킬 수 있는 명확하고 실행 가능한 지침을 제공해줬어요.”
Boon (MBA applicant),ko,KR,Boon (MBA 지원자),approved,Home Page - prepedu.com/ielts/lab,Proven Results / Testimonials / Card 1 - Name,KR_Localization feedback.csv#20,AI draft rejected: 黃淑芬
"""I never practiced all four skills in one day - just one or two, done well, using Prep's AI Speaking Room to improve. I went from 6.0 to 8.0 in three months.""",ko,KR,"""저는 하루에 네 가지 영역을 한번에 다 연습하지 않았어요. Prep의 AI 스피킹 룸으로 한두 가지만 제대로 파고들었죠. 그렇게 3개월 만에 6.0에서 8.0으로 올랐어요.""",approved,Home Page - prepedu.com/ielts/lab,Proven Results / Testimonials / Card 2 - Quote,KR_Localization feedback.csv#21,AI draft rejected: “저는 하루에 네 가지 영역을 모두 연습하지 않았어요. Prep의 AI 스피킹 룸을 사용해서 한두 가지만 제대로 연습하며 실력을 향상시켰죠. 3개월 만에 6.0점에서 8.0점으로 올랐습니다.”
Writing focus · 3 months,ko,KR,4개 영역 모두 · 3개월,approved,Home Page - prepedu.com/ielts/lab,Proven Results / Testimonials / Card 2 - Tag,KR_Localization feedback.csv#22,AI draft rejected: 라이팅 집중 · 3개월
Achieved 7.5,ko,KR,7.5 달성,approved,Home Page - prepedu.com/ielts/lab,Proven Results / Testimonials / Card 3 - Title,KR_Localization feedback.csv#23,AI draft rejected: 달성 7.5
"""With 11 days left, Prep Edu's Forecast bank for Speaking and Writing let me target exactly what I needed - no time wasted. Still hit IELTS 7.5.""",ko,KR,"""시험을 11일 앞두고, Prep Edu의 스피킹·라이팅 예측 문제은행 덕분에  시간 낭비 전혀 없이 딱 필요한 부분만 공략할 수 있었어요.그렇게 IELTS 7.5를 받았습니다.""",approved,Home Page - prepedu.com/ielts/lab,Proven Results / Testimonials / Card 3 - Quote,KR_Localization feedback.csv#24,AI draft rejected: “시험까지 11일 남은 상황에서 Prep Edu의 스피킹 및 라이팅 예측 문제 은행 덕분에 제가 필요한 부분만 정확히 공략할 수 있었습니다. 시간 낭비가 전혀 없었죠. 결국 IELTS 7.5점을 받았습니다.”
Try the AI feedback. No card needed.,ko,KR,AI 피드백을 무료로 체험해보세요.,approved,Home Page - prepedu.com/ielts/lab,Pricing - Free plan / Description,KR_Localization feedback.csv#25,AI draft rejected: AI 피드백을 체험해 보세요. 카드 없이 시작할 수 있습니다.
Unlimited AI feedback plus Full IELTS Video Courses from Basic to Advanced.,ko,KR,"무제한 AI 피드백, 그리고 기초부터 고급까지의 모든 레벨 IELTS 동영상 강의 제공.",approved,Home Page - prepedu.com/ielts/lab,Pricing - Premium plan / Description,KR_Localization feedback.csv#26,"AI draft rejected: 무제한 AI 피드백, 그리고 기초부터 고급까지의 전체 IELTS 동영상 강의 제공."
"Learners practicing four times a week gain +1.7 bands in three months. Start the exam instantly, sign in when you submit. No credit card required.",ko,KR,"일주일에 4회씩 연습한 학습자는 3개월 만에 평균 밴드 점수가 +1.7점 오릅니다. 로그인만 하면 바로, 무료로 연습할 수 있어요.",approved,Home Page - prepedu.com/ielts/lab,Final CTA / Body text,KR_Localization feedback.csv#27,"AI draft rejected: 일주일에 4회 연습하는 학습자는 3개월 만에 밴드 점수가 +1.7점 상승합니다. 즉시 시험을 시작하고, 제출 시 로그인하세요. 신용카드는 필요하지 않습니다."
What changes as you move up,ko,KR,플랜별 차이 한눈에 보기,approved,Pricing Page - prepedu.com/ielts/lab/pricing,Comparison table / Headline,KR_Localization feedback.csv#28,AI draft rejected: 상위 플랜으로 업그레이드 시 변경 사항
Scored like a real examiner with 12 dimensions of feedback,ko,KR,"12개 세부 항목의 피드백으로, 실제 시험관처럼 채점",approved,Pricing Page - prepedu.com/ielts/lab/pricing,Comparison table / Row 1 - Feature desc,KR_Localization feedback.csv#29,AI draft rejected: 12개 차원의 피드백으로 실제 시험관처럼 채점 | CMS
Drills with instant scoring & evidence,ko,KR,즉각적인 채점 결과와 근거를 제공하는 집중 훈련,approved,Pricing Page - prepedu.com/ielts/lab/pricing,Comparison table / Row 2 - Feature desc,KR_Localization feedback.csv#30,AI draft rejected: 즉각적인 채점 및 근거를 제공하는 집중 훈련 | CMS
Learn & review fundamentals anytime,ko,KR,"기초 학습과 복습, 언제든지",approved,Pricing Page - prepedu.com/ielts/lab/pricing,Comparison table / Row 6 - Feature desc,KR_Localization feedback.csv#31,AI draft rejected: 언제든지 기본 사항 학습 및 복습 | CMS
Band-Score Guarantee,ko,KR,밴드 스코어 보장제,approved,Pricing Page - prepedu.com/ielts/lab/pricing,Comparison table / Row 7 - Feature title,KR_Localization feedback.csv#32,AI draft rejected: 점수 보장 | CMS
Hit your target band or your money back*,ko,KR,목표 밴드 미달성 시 환불,approved,Pricing Page - prepedu.com/ielts/lab/pricing,Comparison table / Row 7 - Feature desc,KR_Localization feedback.csv#33,AI draft rejected: 목표 밴드 달성 또는 환불 | CMS
"Built by examiners, academic experts & 9.0 scorers",ko,KR,"시험관, 교육 전문가, IELTS 만점자 (9.0) 가 함께 만들었습니다",approved,Pricing Page - prepedu.com/ielts/lab/pricing,Team section / Headline,KR_Localization feedback.csv#34,"AI draft rejected: 시험관, 학술 전문가, 9.0점 득점자들이 만들었습니다"
The academic team training our AI to score with real-examiner precision,ko,KR,AI가 실제 시험관처럼 정확하게 채점하도록 훈련시키는 학술팀입니다,approved,Pricing Page - prepedu.com/ielts/lab/pricing,Team section / Subheading,KR_Localization feedback.csv#35,AI draft rejected: 실제 시험관의 정확성으로 채점하도록 AI를 훈련시키는 학술팀
Trang Trương,ko,KR,Trang,approved,Pricing Page - prepedu.com/ielts/lab/pricing,Team section / Member 1 - Name,KR_Localization feedback.csv#36,AI draft rejected: 짱 쯔엉
Leads Speaking · exam-room reflex training.,ko,KR,스피킹 파트  총괄 · 실전 순발력 트레이닝,approved,Pricing Page - prepedu.com/ielts/lab/pricing,Team section / Member 1 - Bio,KR_Localization feedback.csv#37,AI draft rejected: 스피킹 리드 · 시험장 순발력 훈련.
Jackson Howard,ko,KR,Jackson Howard,approved,Pricing Page - prepedu.com/ielts/lab/pricing,Team section / Member 2 - Name,KR_Localization feedback.csv#38,AI draft rejected: 잭슨 하워드
Writing & Speaking advisor · band-descriptor standards.,ko,KR,라이팅·스피킹 자문 · 밴드 평가 기준 표준화,approved,Pricing Page - prepedu.com/ielts/lab/pricing,Team section / Member 2 - Bio,KR_Localization feedback.csv#39,AI draft rejected: 라이팅 & 스피킹 어드바이저 · 밴드 디스크립터 기준.
Paul Varrah,ko,KR,Paul Varrah,approved,Pricing Page - prepedu.com/ielts/lab/pricing,Team section / Member 3 - Name,KR_Localization feedback.csv#40,AI draft rejected: 폴 바라
Trung Đức,ko,KR,Trung,approved,Pricing Page - prepedu.com/ielts/lab/pricing,Team section / Member 4 - Name,KR_Localization feedback.csv#41,AI draft rejected: 쭝 득
Curriculum lead · Prep Evaluator AI advisor.,ko,KR,커리큘럼 총괄 · Prep 평가 AI 자문위원,approved,Pricing Page - prepedu.com/ielts/lab/pricing,Team section / Member 4 - Bio,KR_Localization feedback.csv#42,AI draft rejected: 커리큘럼 리드 · Prep 평가 AI 어드바이저.
No. You can start practicing instantly. Just sign in (it's free) whenever you want to view your AI score and save your progress.,ko,KR,아니요. 바로 연습을 시작할 수 있습니다. AI 피드백 점수를 보거나 진행 상황을 저장하고 싶을 때만 로그인하면 됩니다. (무료입니다).,approved,Pricing Page - prepedu.com/ielts/lab/pricing,FAQ / A1,KR_Localization feedback.csv#43,AI draft rejected: 아니요. 즉시 연습을 시작할 수 있습니다. AI 점수를 보고 진행 상황을 저장하고 싶을 때 무료로 로그인하기만 하면 됩니다.
One Speaking test and one Writing test every month — enough to experience our examiner-standard AI feedback before upgrading. No credit card required.,ko,KR,"매달 스피킹 1회, 라이팅 1회 무료 시험이 제공됩니다. 플랜 업그레이드 전에 시험관 수준 AI 피드백을 충분히 경험해볼 수 있습니다. 결제는 필요 없습니다.",approved,Pricing Page - prepedu.com/ielts/lab/pricing,FAQ / A2,KR_Localization feedback.csv#44,"AI draft rejected: 매월 스피킹 시험 1회, 라이팅 시험 1회 — 업그레이드하기 전에 시험관 수준의 AI 피드백을 경험하기에 충분합니다. 신용카드는 필요하지 않습니다."
Core includes 8 Speaking and 8 Writing tests monthly (2 tasks/week). Credits reset every month and don't roll over. Premium offers unlimited practice and full course access. Neither plan auto-renews.,ko,KR,"코어는 매달 스피킹 8회, 라이팅 8회(주당 2개 과제)를 제공합니다. 크레딧은 매월 초기화되며 이월되지 않습니다.

프리미엄은 무제한 연습과 모든 레벨 동영상 강의 코스를 모두 이용할 수 있습니다. 두 요금제 모두 자동으로 갱신되지 않습니다.",approved,Pricing Page - prepedu.com/ielts/lab/pricing,FAQ / A3,KR_Localization feedback.csv#45,AI draft rejected: 코어는 매월 8회의 스피킹과 8회의 라이팅 시험(주당 2개 과제)을 포함합니다. 크레딧은 매월 재설정되며 이월되지 않습니다. 프리미엄은 무제한 연습과 전체 코스 이용권을 제공합니다. 두 요금제 모두 자동 갱신되지 않습니다.
"Our AI is trained on official scoring criteria, delivering feedback that closely matches real examiners. Use it to track progress and fix mistakes, rather than predicting your exact test score.",ko,KR,"PREP AI는 IELTS 공식 채점 기준으로 학습되어, 실제 시험관과 거의 일치하는 피드백을 제공합니다. 정확한 점수 예측보다는, 나의 진행 상황을 확인하고 피드백을 통해 부족한 점을 보완하는 데 활용해보세요",approved,Pricing Page - prepedu.com/ielts/lab/pricing,FAQ / A4,KR_Localization feedback.csv#46,AI draft rejected: 저희 AI는 공식 채점 기준에 따라 훈련되어 실제 시험관과 거의 일치하는 피드백을 제공합니다. 정확한 시험 점수를 예측하기보다는 진행 상황을 추적하고 실수를 수정하는 데 사용하세요.
Free trial attempt,ko,KR,무료 체험 응시,approved,Free Trial Page - prepedu.com/ielts/lab/trial,Free trial - Recording step / Headline,KR_Localization feedback.csv#47,AI draft rejected: 무료 체험 시도
EXPERT-CURATED EXAM LIBRARY,ko,KR,전문가가 엄선한 시험 자료실,approved,Dashboard (Guest) - prepedu.com/ielts/lab/dashboard,Dashboard - Intro / Badge/Pill,KR_Localization feedback.csv#48,AI draft rejected: 전문가가 엄선한 시험 라이브러리
One free test isn't enough to build a habit. Practice Speaking & Writing daily to boost your band with every attempt,ko,KR,"무료 테스트 한 번으로는 습관이 만들어지지 않아요. 매일 스피킹과 라이팅을 연습하고, 할 때마다 점수를 올려보세요",approved,Dashboard (Guest) - prepedu.com/ielts/lab/dashboard,Dashboard - Upsell banner / Body text,KR_Localization feedback.csv#49,AI draft rejected: 무료 테스트 한 번으로는 습관을 만들 수 없습니다. 매일 스피킹과 라이팅을 연습하여 시도할 때마다 점수를 높이세요
Test library,ko,KR,시험 자료실,approved,Dashboard (Guest) - prepedu.com/ielts/lab/dashboard,Dashboard - Explore tests / View toggle,KR_Localization feedback.csv#50,AI draft rejected: 시험 라이브러리
Let's move closer to your target today,ko,KR,오늘도 목표를 향해 한 걸음 더,approved,Dashboard (Free account) - prepedu.com/ielts/lab/dashboard,Dashboard - Hero card / Headline,KR_Localization feedback.csv#51,AI draft rejected: 오늘 목표에 더 가까이 다가가 보세요
